date,close,volume,open,high,low
2016-06-27,34.568,111426440,34.6005,34.8409,34.1058
2016-06-28,35.3975,80650180,35.0,35.4,34.9086
2016-06-29,35.78,61307280,35.7875,35.975,35.677
2016-06-30,35.781,56872440,35.86,35.9685,35.627
2016-07-01,36.284,58361220,35.866,36.4,35.827
2016-07-05,36.405,48524080,36.14,36.478,35.9805
2016-07-06,36.8805,78597800,36.2855,36.8885,36.129
2016-07-07,36.8285,58786080,36.9665,36.9775,36.5815
2016-07-08,37.2905,68543940,37.007,37.305,36.9
2016-07-11,37.689,63807160,37.5,37.795,37.35
2016-07-12,37.4105,112162220,37.843,37.867,37.0165
2016-07-13,37.1315,82615400,37.338,37.8435,37.0625
2016-07-14,37.06,47709960,37.443,37.452,36.951
2016-07-15,36.772,61984780,37.3275,37.3275,36.7025
2016-07-18,36.8035,59041980,36.7745,37.0798,36.436
2016-07-19,36.9975,44215020,36.625,37.1665,36.6155
2016-07-20,37.286,43855580,37.2,37.3125,37.035
2016-07-21,37.2215,46307340,37.375,37.468,37.1396
2016-07-22,37.243,45186900,37.3895,37.564,37.1765
2016-07-25,36.9805,53479700,37.3275,37.425,36.7675
2016-07-26,36.7795,49953780,37.1355,37.1565,36.6376
2016-07-27,36.8335,57421580,36.8985,37.047,36.693
2016-07-28,37.6305,144937420,37.299,37.668,36.985
2016-07-29,37.9405,135269960,38.25,38.3,37.75
2016-08-01,38.387,71446420,37.9935,38.525,37.853
2016-08-02,38.029,71936160,38.1905,38.2505,37.851
2016-08-03,37.732,71590460,37.853,37.9445,37.6125
2016-08-04,38.0385,63537160,37.685,38.25,37.5175
2016-08-05,38.299,54045320,38.2405,38.4235,38.1545
2016-08-08,38.328,39626740,38.3405,38.35,38.0508
2016-08-09,38.4155,37497800,38.3695,38.63,38.345
2016-08-10,38.428,32028240,38.49,38.605,38.3095
2016-08-11,38.562,40344780,38.497,38.6875,38.456
2016-08-12,38.628,31241660,38.423,38.6575,38.4211
2016-08-15,38.4245,42326000,38.595,38.602,38.3855
2016-08-16,38.202,32023300,38.431,38.4366,38.191
2016-08-17,38.2315,37746320,38.2205,38.261,37.9599
2016-08-18,38.223,29165620,38.2,38.2585,38.03
2016-08-19,37.8655,46751340,38.095,38.1245,37.8445
2016-08-22,37.974,33552500,37.875,37.9925,37.605
2016-08-23,38.1225,30434940,38.1655,38.235,38.05
2016-08-24,37.8625,34851300,38.15,38.1705,37.768
2016-08-25,37.961,32440340,37.8,38.028,37.7371
2016-08-26,38.45,55390400,38.0025,38.5,37.9898
2016-08-29,38.5645,43923120,38.436,38.749,38.43
2016-08-30,38.379,35762820,38.5525,38.5918,38.278
2016-08-31,38.458,32615840,38.33,38.482,38.2
2016-09-01,38.531,35815020,38.545,38.602,38.3375
2016-09-02,38.622,43364760,38.7055,38.8,38.585
2016-09-06,39.4435,74330820,38.702,39.474,38.511
2016-09-07,39.224,48449060,39.4765,39.5395,39.2165
2016-09-08,39.203,40558300,39.1945,39.325,39.072
2016-09-09,38.007,84938760,38.968,39.05,38.0055
2016-09-12,38.5745,62377580,37.8675,38.633,37.8
2016-09-13,38.0505,62313240,38.4385,38.4945,37.9525
2016-09-14,38.0545,50586080,38.11,38.375,37.9425
2016-09-15,38.4845,60728840,38.1,38.5435,37.879
2016-09-16,38.926,109906780,38.664,39.023,38.583
2016-09-19,38.755,45878960,38.9985,39.097,38.55
2016-09-20,39.011,38654120,38.8,39.0685,38.8
2016-09-21,39.487,54254660,39.1625,39.5345,38.9505
2016-09-22,40.235,81467240,39.7135,40.2945,39.7135
2016-09-23,40.2875,47015540,40.1565,40.3875,40.106
2016-09-26,39.958,52983520,40.09,40.2965,39.8573
2016-09-27,40.8055,76258600,40.0925,40.832,40.0555
2016-09-28,41.436,88363420,40.9,41.507,40.8517
2016-09-29,41.4525,98379460,41.413,41.875,41.2315
2016-09-30,41.8655,88509560,41.6305,41.9975,41.62
2016-10-03,41.837,55280200,41.8,41.993,41.5625
2016-10-04,41.7015,58976800,42.0455,42.1183,41.513
2016-10-05,42.218,69132720,41.9,42.2835,41.806
2016-10-06,42.083,53626700,42.185,42.3605,42.03
2016-10-07,41.9715,48462240,42.2895,42.2975,41.8725
2016-10-10,42.0855,36394480,42.1625,42.26,42.0135
2016-10-11,41.55,71692960,42.051,42.0645,41.4175
2016-10-12,41.7045,47473480,41.7,41.8833,41.505
2016-10-13,41.464,61776880,41.45,41.59,41.0605
2016-10-14,41.148,59894060,41.754,41.787,41.148
2016-10-17,40.6475,67102740,41.075,41.1,40.584
2016-10-18,40.8825,50144360,41.1055,41.163,40.751
2016-10-19,40.8845,41726740,41.02,41.0335,40.7585
2016-10-20,40.516,62966680,40.6995,40.7855,40.155
2016-10-21,40.9495,55807080,40.468,40.971,40.45
2016-10-24,41.9045,81044360,41.2475,41.915,41.1105
2016-10-25,41.759,64795520,41.965,42.1545,41.661
2016-10-26,41.1295,79704980,41.638,41.672,41.0
2016-10-27,40.918,143131340,41.562,41.586,40.7715
2016-10-28,38.816,216652600,39.1,39.4745,38.7305
2016-10-31,39.491,108179920,39.0515,39.685,39.0055
2016-11-01,39.2705,106002420,39.95,40.042,38.8357
2016-11-02,38.278,99626220,39.1965,39.2375,38.1775
2016-11-03,38.3515,77344100,38.2525,38.85,38.2
2016-11-04,37.7525,102307960,38.1395,38.3,37.6615
2016-11-07,39.2465,119546760,38.582,39.3866,38.547
2016-11-08,39.3875,67647000,39.2485,39.587,38.955
2016-11-09,38.594,171103540,38.2,38.875,38.0045
2016-11-10,37.119,254666400,38.9405,38.9415,35.885
2016-11-11,36.9505,132200440,36.7865,37.163,36.445
2016-11-14,35.9535,146012620,37.2755,37.3,35.505
2016-11-15,37.162,134997340,36.5,37.339,36.2995
2016-11-16,37.3245,72084340,36.994,37.4935,36.7805
2016-11-17,37.82,73258780,37.466,37.875,37.4
2016-11-18,38.008,87317760,38.05,38.387,37.8822
2016-11-21,39.0,92018160,38.3,39.0175,38.2555
2016-11-22,39.2665,106131760,39.4085,39.62,39.05
2016-11-23,39.006,70665940,39.0865,39.0875,38.656
2016-11-25,39.0185,36741360,39.325,39.3375,38.895
2016-11-28,38.3385,87677100,38.8495,38.85,38.212
2016-11-29,38.126,65357680,38.4,38.4945,38.066
2016-11-30,37.5285,92143040,38.1,38.4045,37.5125
2016-12-01,37.1825,93015220,37.6205,37.6685,36.9015
2016-12-02,37.017,71131040,37.17,37.4245,36.835
2016-12-05,37.968,86094560,37.25,38.0745,37.1
2016-12-06,38.236,75847580,38.1995,38.412,37.8625
2016-12-07,38.521,73583060,38.2275,38.521,37.791
2016-12-08,38.3665,63740940,38.5935,38.6895,38.2595
2016-12-09,38.433,49287120,38.5,38.5125,38.267
2016-12-12,38.006,59177380,38.32,38.3445,37.86
2016-12-13,38.717,105062580,38.248,39.123,38.1
2016-12-14,38.441,108939300,38.9125,39.043,38.1405
2016-12-15,38.05,75910060,38.314,38.455,38.0155
2016-12-16,37.8885,96923100,38.25,38.2565,37.7
2016-12-19,38.3,62159120,37.9445,38.525,37.808
2016-12-20,38.561,54027900,38.4325,38.7195,38.3855
2016-12-21,38.53,40825760,38.5,38.561,38.285
2016-12-22,38.317,50429240,38.406,38.5605,38.151
2016-12-23,38.0295,39574440,38.2275,38.325,37.8995
2016-12-27,38.57,52613840,38.17,38.7325,38.06
2016-12-28,38.6065,65651940,38.8125,39.0,38.525
2016-12-29,38.2575,63099600,38.62,38.67,38.0425
2016-12-30,37.4935,82654140,38.3235,38.37,37.414
2017-01-03,37.6835,70397540,37.896,37.938,37.385
2017-01-04,37.859,50105920,37.9195,37.984,37.71
2017-01-05,39.0225,116403900,38.0775,39.12,38.0128
2017-01-06,39.7995,119623380,39.118,39.972,38.924
2017-01-09,39.846,68857280,39.9,40.0887,39.5885
2017-01-10,39.795,51152800,39.83,39.9,39.4772
2017-01-11,39.951,59725340,39.683,39.975,39.4755
2017-01-12,40.682,97315960,40.0155,40.7065,39.975
2017-01-13,40.857,75542700,40.716,41.0825,40.57
2017-01-17,40.486,73362220,40.785,40.8,40.172
2017-01-18,40.374,46897580,40.475,40.5865,40.2135
2017-01-19,40.452,50591380,40.5,40.6755,40.366
2017-01-20,40.4165,67463660,40.764,40.801,40.313
2017-01-23,40.894,55884560,40.34,40.925,40.254
2017-01-24,41.122,59355060,41.1,41.1995,40.725
2017-01-25,41.826,78629500,41.2895,41.8709,41.2644
2017-01-26,41.9575,71427900,41.7765,42.192,41.65
2017-01-27,41.7885,59894000,41.95,41.985,41.472
2017-01-30,41.519,73628820,41.65,41.675,40.819
2017-01-31,41.174,62585380,41.1875,41.3495,40.978
2017-02-01,41.6175,76626380,41.4605,41.689,41.247
2017-02-02,41.9975,140861900,41.8295,42.1245,41.413
2017-02-03,40.51,217112200,40.336,40.915,40.2
2017-02-06,40.382,76545680,40.49,40.536,40.15
2017-02-07,40.625,69276840,40.4655,40.808,40.375
2017-02-08,40.9855,57121160,40.6345,41.074,40.625
2017-02-09,41.068,49649280,41.08,41.25,40.9855
2017-02-10,41.373,48556340,41.191,41.4,41.1425
2017-02-13,41.8265,83350420,41.581,42.15,41.4275
2017-02-14,41.8195,55787540,41.85,41.9155,41.5726
2017-02-15,42.135,59209380,41.7,42.1405,41.641
2017-02-16,42.207,54211900,42.092,42.25,41.9688
2017-02-17,42.2535,60732320,42.1,42.3635,42.0365
2017-02-21,42.822,70132420,42.442,42.899,42.3625
2017-02-22,42.7805,52307700,42.8475,42.9215,42.609
2017-02-23,42.6095,69185740,42.8785,43.043,42.4
2017-02-24,42.262,73689460,42.2345,42.2905,41.8875
2017-02-27,42.432,54077100,42.119,42.625,41.9835
2017-02-28,42.252,55757840,42.5725,42.7045,42.1025
2017-03-01,42.654,55163380,42.6525,42.7415,42.4505
2017-03-02,42.4455,42600200,42.654,42.741,42.364
2017-03-03,42.494,38963900,42.36,42.5993,42.3135
2017-03-06,42.3305,52182780,42.2615,42.4245,42.056
2017-03-07,42.301,44924320,42.274,42.423,42.1875
2017-03-08,42.525,45739480,42.4,42.6535,42.3395
2017-03-09,42.65,40878640,42.55,42.82,42.5155
2017-03-10,42.623,48685080,42.85,42.8675,42.586
2017-03-13,42.7295,38138820,42.5885,42.7845,42.5855
2017-03-14,42.6265,42587160,42.6775,42.6875,42.3775
2017-03-15,42.6485,51194040,42.7165,42.7225,42.3555
2017-03-16,42.671,36830140,42.765,42.775,42.5255
2017-03-17,42.6155,67668460,42.6745,42.6915,42.532
2017-03-20,42.8485,45233980,42.5755,42.89,42.5505
2017-03-21,42.16,87538540,42.942,43.1397,42.0655
2017-03-22,42.403,53044500,42.0215,42.4685,41.9525
2017-03-23,42.369,38952540,42.41,42.5445,42.24
2017-03-24,42.2805,42716240,42.584,42.59,42.1765
2017-03-27,42.341,55098060,41.9035,42.515,41.675
2017-03-28,42.8,60742340,42.5875,42.923,42.505
2017-03-29,43.716,89582040,42.9525,43.8219,42.951
2017-03-30,43.817,55163080,43.7475,43.853,43.583
2017-03-31,44.327,78985660,43.85,44.5175,43.8325
2017-04-03,44.5755,68379960,44.4,44.6745,44.271
2017-04-04,45.3415,99534720,44.575,45.4269,44.514
2017-04-05,45.464,149944580,45.541,46.186,45.281
2017-04-06,44.914,126763660,45.69,45.8595,44.7246
2017-04-07,44.744,74167340,44.9825,45.0045,44.4655
2017-04-10,45.352,63619980,44.9815,45.4255,44.95
2017-04-11,45.118,60166140,45.352,45.562,44.875
2017-04-12,44.8115,49031500,45.1545,45.2045,44.7625
2017-04-13,44.2335,63380500,44.5725,44.7485,44.2245
2017-04-17,45.0995,56982900,44.375,45.119,44.375
2017-04-18,45.189,59932780,45.0495,45.4805,45.039
2017-04-19,44.96,57312060,45.392,45.525,44.8685
2017-04-20,45.103,56176740,44.985,45.266,44.8145
2017-04-21,44.9265,48173280,45.1335,45.1825,44.8385
2017-04-24,45.3705,62363080,45.434,45.4995,45.191
2017-04-25,45.381,67504780,45.352,45.474,45.15
2017-04-26,45.4645,52074400,45.515,45.7875,45.378
2017-04-27,45.919,103905860,45.7195,46.093,45.6055
2017-04-28,46.2495,147098320,47.4415,47.4795,46.2167
2017-05-01,47.4115,109189080,46.39,47.72,46.39
2017-05-02,47.347,76291780,47.3323,47.505,47.0707
2017-05-03,47.0515,71562160,47.3,47.3,46.795
2017-05-04,46.8765,48269720,47.2375,47.25,46.7108
2017-05-05,46.7075,57279560,47.026,47.0395,46.515
2017-05-08,47.452,68139080,47.0475,47.4525,46.9605
2017-05-09,47.641,65127140,47.64,47.8945,47.51
2017-05-10,47.4475,41866680,47.675,47.6875,47.25
2017-05-11,47.381,43813560,47.2555,47.5145,47.0388
2017-05-12,48.0675,72452780,47.725,48.1395,47.5765
2017-05-15,47.8985,85232360,47.9365,48.1575,47.8028
2017-05-16,48.3035,62292800,48.05,48.503,48.0455
2017-05-17,47.238,102597740,47.735,48.0198,47.206
2017-05-18,47.9245,77974580,47.24,48.1375,47.238
2017-05-19,47.992,79351040,48.142,48.446,47.986
2017-05-22,48.5335,52637080,48.2,48.569,48.145
2017-05-23,48.577,48248120,48.751,48.76,48.3425
2017-05-24,49.0175,49119540,48.8,49.05,48.5115
2017-05-25,49.669,96346240,49.2425,49.95,49.1055
2017-05-26,49.789,69242640,49.75,49.9325,49.4625
2017-05-30,49.835,65124600,49.8255,50.06,49.776
2017-05-31,49.731,78274420,50.0,50.006,49.108
2017-06-01,49.7975,49028140,49.9295,49.9495,49.5685
2017-06-02,50.3365,74989780,49.9495,50.424,49.7835
2017-06-05,50.567,54345660,50.3615,50.6605,50.1755
2017-06-06,50.15,66837100,50.6,50.825,50.0625
2017-06-07,50.5035,56377600,50.2975,50.5125,50.1
2017-06-08,50.5135,55135920,50.603,50.6805,50.3055
2017-06-09,48.9155,152680760,50.625,50.6495,46.35
2017-06-12,48.2455,188741220,48.35,48.7975,47.25
2017-06-13,49.0395,91383660,48.8995,49.225,48.305
2017-06-14,48.8235,79308880,49.4295,49.517,48.3355
2017-06-15,48.2085,104606040,47.935,48.2865,47.543
2017-06-16,49.3855,228781600,49.8,49.9875,49.1
2017-06-19,49.7585,100395820,50.85,50.85,49.495
2017-06-20,49.6295,81383900,49.9,50.244,49.601
2017-06-21,50.1115,58334860,49.935,50.136,49.6326
2017-06-22,50.065,44995680,50.1115,50.348,49.86
2017-06-23,50.187,57530160,50.127,50.231,49.901
2017-06-26,49.699,67642520,50.425,50.49,49.6
2017-06-27,48.839,75197300,49.5345,49.94,48.8
2017-06-28,49.5165,74438740,48.9275,49.534,48.4605
2017-06-29,48.7965,85916560,48.95,49.378,48.2625
2017-06-30,48.4,67668720,49.006,49.1735,48.3805
2017-07-03,47.683,58182160,48.6395,48.7245,47.55
2017-07-05,48.57,72975300,48.0765,48.75,47.7625
2017-07-06,48.257,65148640,48.233,48.72,47.951
2017-07-07,48.938,51795560,48.4775,49.0055,48.457
2017-07-10,49.8235,70319360,49.25,49.972,49.175
2017-07-11,49.7065,59568440,49.65,49.7995,49.186
2017-07-12,50.3255,72104540,50.0325,50.4275,49.905
2017-07-13,50.0315,57557080,50.231,50.344,49.795
2017-07-14,50.0905,42018820,50.12,50.2225,49.8445
2017-07-17,50.502,73704120,50.2345,50.7375,50.1905
2017-07-18,51.2225,80045860,50.3,51.3015,50.2
2017-07-19,51.3435,59105260,51.25,51.5795,51.125
2017-07-20,51.435,61486000,51.5795,51.7485,51.1258
2017-07-21,51.2835,54536880,51.064,51.305,50.55
2017-07-24,51.9475,65552480,51.417,52.1505,51.3714
2017-07-25,51.9935,48897240,51.9025,52.1667,51.624
2017-07-26,52.64,57628460,52.16,52.66,52.16
2017-07-27,52.3,216607600,53.4775,54.1655,52.009
2017-07-28,51.002,153493380,50.607,51.6425,50.05
2017-07-31,49.389,146523540,50.9525,50.9525,49.351
2017-08-01,49.8095,90559580,49.8055,50.32,49.579
2017-08-02,49.7945,81225400,50.0885,50.1605,49.0865
2017-08-03,49.346,65053980,49.9735,49.975,49.2295
2017-08-04,49.379,54534780,49.484,49.5836,49.1
2017-08-07,49.6135,53403740,49.5325,49.75,49.357
2017-08-08,49.492,57721240,49.7175,49.814,49.2895
2017-08-09,49.1005,71362400,49.13,49.4,48.7635
2017-08-10,47.846,112003640,48.8148,48.993,47.734
2017-08-11,48.3995,69292300,48.0,48.5195,47.569
2017-08-14,49.165,63369220,48.9205,49.275,48.8095
2017-08-15,49.137,50889040,49.445,49.587,49.1
2017-08-16,48.909,62508160,49.0825,49.323,48.661
2017-08-17,48.0285,69121460,48.892,48.892,48.016
2017-08-18,47.9235,65505520,48.07,48.2715,47.7325
2017-08-21,47.6645,63137820,47.8785,48.06,47.273
2017-08-22,48.345,54915920,47.776,48.3965,47.7748
2017-08-23,47.9,52858720,47.969,48.1,47.71
2017-08-24,47.6225,103739860,47.871,47.95,47.057
2017-08-25,47.263,66332040,47.8,47.8811,47.205
2017-08-28,47.301,51529120,47.327,47.65,47.1125
2017-08-29,47.703,57431360,47.0,47.8,46.8165
2017-08-30,48.3795,57959380,47.922,48.4705,47.8453
2017-08-31,49.03,66293740,48.735,49.05,48.638
2017-09-01,48.9125,50675580,49.21,49.225,48.8438
2017-09-05,48.2635,59930020,48.77,48.8385,48.0185
2017-09-06,48.39,42507420,48.416,48.592,48.03
2017-09-07,48.9735,51250340,48.7,49.0295,48.6275
2017-09-08,48.295,51780760,48.955,48.994,48.1735
2017-09-11,48.898,43439960,48.723,49.097,48.711
2017-09-12,49.129,49511140,49.1635,49.2336,48.7759
2017-09-13,49.98,67204940,49.1985,50.0,48.971
2017-09-14,49.6105,77991160,49.84,49.928,49.387
2017-09-15,49.3395,74990240,49.6505,49.8125,49.2015
2017-09-18,48.7095,68014020,49.52,49.6396,48.4085
2017-09-19,48.493,52594420,48.8625,48.912,48.373
2017-09-20,48.6605,55045120,48.5895,48.7405,48.1081
2017-09-21,48.2325,45527480,48.5655,48.585,48.101
2017-09-22,47.755,52588660,48.0505,48.2805,47.721
2017-09-25,46.9895,102301940,47.4655,47.471,46.6445
2017-09-26,46.93,70086900,47.2745,47.4315,46.5875
2017-09-27,47.5435,62906200,47.4,47.765,47.165
2017-09-28,47.82,50425700,47.593,47.985,47.5051
2017-09-29,48.0675,50183880,48.0055,48.2415,47.9188
2017-10-02,47.9595,48511700,48.2,48.3653,47.606
2017-10-03,47.855,53285800,47.9,48.1845,47.5185
2017-10-04,48.2725,50370180,47.7105,48.3895,47.7025
2017-10-05,49.0425,64401600,48.5,49.0755,48.482
2017-10-06,49.479,74948160,48.782,49.7875,48.782
2017-10-09,49.5495,58721460,49.662,49.925,49.375
2017-10-10,49.36,61658580,49.8335,49.8975,49.005
2017-10-11,49.75,46701240,49.5635,49.775,49.3348
2017-10-12,50.0465,81661520,49.8405,50.422,49.62
2017-10-13,50.147,48583500,50.35,50.3885,50.0515
2017-10-16,50.317,40096320,50.422,50.4786,50.052
2017-10-17,50.4565,46375240,50.2795,50.5735,50.219
2017-10-18,49.85,49936960,50.4635,51.1155,49.8275
2017-10-19,49.3305,61689180,49.5,49.5525,49.012
2017-10-20,49.1455,46871120,49.6765,49.731,49.1
2017-10-23,48.315,69642460,49.3365,49.3388,48.125
2017-10-24,48.795,54265240,48.45,48.9925,48.25
2017-10-25,48.6455,60587900,48.9,49.222,48.312
2017-10-26,48.6215,107857120,49.0165,49.145,48.4275
2017-10-27,55.0475,330959000,52.907,55.279,52.5275
2017-10-30,55.5425,132164880,54.7505,56.1395,54.678
2017-10-31,55.264,69497720,55.45,55.527,55.056
2017-11-01,55.184,74863780,55.27,55.4485,54.837
2017-11-02,54.711,73668940,54.8905,55.0968,54.3435
2017-11-03,55.58,74782820,54.5575,55.634,54.426
2017-11-06,56.033,66620640,55.4575,56.2705,55.4385
2017-11-07,56.1585,53682500,56.237,56.53,55.875
2017-11-08,56.644,51519120,56.141,56.777,55.9555
2017-11-09,56.4565,74589160,56.298,56.481,55.7885
2017-11-10,56.2675,43573400,56.305,56.5875,56.203
2017-11-13,56.4585,58267520,56.15,56.995,56.117
2017-11-14,56.842,62726140,56.5055,56.9,56.1945
2017-11-15,56.3345,78343640,56.3505,56.5875,56.0815
2017-11-16,56.8645,44209080,56.508,56.908,56.5025
2017-11-17,56.494,47203480,56.914,56.94,56.2905
2017-11-20,56.3155,42923660,56.4885,56.671,56.1275
2017-11-21,56.9745,49228320,56.643,57.0,56.41
2017-11-22,57.808,70989060,57.05,58.0135,57.05
2017-11-24,59.3,70560220,58.035,59.342,58.035
2017-11-27,59.7915,134367700,60.133,60.6705,59.5575
2017-11-28,59.68,90961280,60.244,60.267,59.4261
2017-11-29,58.0635,184843620,59.74,59.74,57.2595
2017-11-30,58.8375,89449080,58.355,58.9285,58.0
2017-12-01,58.1175,82023500,58.6025,58.9825,57.6
2017-12-04,56.6975,118539400,58.6925,58.76,56.4
2017-12-05,57.0785,81496920,56.413,57.9635,56.237
2017-12-06,57.6175,55550480,56.8995,57.7945,56.804
2017-12-07,57.9895,50176260,57.8295,58.1595,57.55
2017-12-08,58.1,59585560,58.52,58.6395,57.855
2017-12-11,58.446,47201360,58.23,58.495,57.85
2017-12-12,58.254,44176240,58.3255,58.68,58.0805
2017-12-13,58.2065,51774800,58.5,58.5435,58.0135
2017-12-14,58.713,62405300,58.1855,58.8965,58.1225
2017-12-15,58.957,95500180,58.9515,59.1375,58.4665
2017-12-18,59.529,58865040,59.3685,59.739,59.0455
2017-12-19,59.369,51491560,59.4575,59.6485,58.957
2017-12-20,58.881,47299680,59.525,59.55,58.8
2017-12-21,58.738,41102060,58.795,58.9585,58.382
2017-12-22,58.418,31516900,58.604,58.731,58.3915
2017-12-26,58.838,39778120,58.418,58.916,58.0275
2017-12-27,59.113,37323420,58.9955,59.3645,58.7805
2017-12-28,59.305,36770980,59.45,59.505,59.219
2017-12-29,58.4735,53562440,59.1175,59.2,58.375
2018-01-02,59.4505,53479160,58.6,59.5,58.5255
2018-01-03,60.21,61883500,59.415,60.2745,59.415
2018-01-04,60.4795,60319940,60.25,60.7935,60.233
2018-01-05,61.457,70725980,60.8755,61.457,60.5
2018-01-08,62.3435,85402420,61.8,62.654,61.6015
2018-01-09,62.635,73144860,62.845,62.9665,62.088
2018-01-10,62.7165,53596640,62.2575,62.7165,61.8615
2018-01-11,63.834,62080620,62.987,63.8385,62.823
2018-01-12,65.26,108690940,63.6696,65.288,63.6696
2018-01-16,65.243,143100520,66.15,66.997,64.615
2018-01-17,64.75,104812680,65.612,65.7,64.044
2018-01-18,64.666,80432800,64.6975,65.23,64.201
2018-01-19,64.729,89102160,65.6,65.65,64.6495
2018-01-22,66.3655,82524700,64.8585,66.3725,64.8332
2018-01-23,68.127,102613460,66.9045,68.245,66.867
2018-01-24,67.8755,135625940,68.741,69.408,66.9
2018-01-25,68.8975,94829460,68.4,68.917,67.881
2018-01-26,70.1025,96513640,69.6005,70.1265,69.0455
2018-01-29,70.884,113803360,70.459,71.5695,70.022
2018-01-30,71.891,116048300,70.1585,71.9625,69.6
2018-01-31,72.5445,127723700,72.565,73.629,72.502
2018-02-01,69.5,179700800,72.25,72.994,69.2571
2018-02-02,71.4975,220286800,73.8695,74.9,70.7
2018-02-05,69.5,228450400,70.131,72.949,66.036
2018-02-06,72.142,218751000,68.073,72.1995,67.5895
2018-02-07,70.839,142522560,72.45,73.0495,70.7575
2018-02-08,67.525,169927100,71.4838,71.6876,67.497
2018-02-09,66.98,282573400,68.6745,69.175,63.2965
2018-02-12,69.3115,134360740,68.2335,69.6905,67.2005
2018-02-13,70.7255,117616460,69.2965,70.986,69.1765
2018-02-14,72.5525,118807840,70.3125,72.603,70.168
2018-02-15,73.088,112697460,73.3445,73.447,71.8418
2018-02-16,72.4345,89280960,72.8685,73.29,72.328
2018-02-20,73.4175,129470400,72.3245,74.4385,72.3245
2018-02-21,74.146,125401700,74.25,75.1745,73.946
2018-02-22,74.267,96125340,74.768,75.127,73.788
2018-02-23,75.0,87908860,74.767,75.0,74.325
2018-02-26,76.0975,98893580,75.46,76.142,75.35
2018-02-27,75.599,95823340,76.225,76.339,75.3605
2018-02-28,75.6225,89973760,75.9755,76.435,75.6
2018-03-01,74.6725,136409240,75.68,75.9245,73.25
2018-03-02,75.0125,131479460,73.455,75.0525,72.7505
2018-03-05,76.1805,103842380,74.712,76.269,74.05
2018-03-06,76.882,88662100,76.66,77.1065,76.4
2018-03-07,77.25,83296580,76.326,77.295,76.1255
2018-03-08,77.593,77658080,77.5,77.744,77.2625
2018-03-09,78.9445,90173000,78.175,78.947,77.954
2018-03-12,79.9195,102922980,79.63,80.2665,79.335
2018-03-13,79.409,130286720,80.798,80.877,78.9005
2018-03-14,79.55,84733100,79.85,80.3222,79.5445
2018-03-15,79.116,81153880,79.75,79.8455,78.9055
2018-03-16,78.584,105836960,79.1725,79.472,78.375
2018-03-19,77.2465,128128260,77.7265,78.083,76.2675
2018-03-20,79.3255,91093500,77.517,79.35,77.2705
2018-03-21,79.093,94817680,79.3225,79.5,78.1585
2018-03-22,77.246,124267580,78.2735,78.6925,77.12
2018-03-23,74.778,159553100,76.9505,77.451,74.768
2018-03-26,77.793,111844000,76.5,77.8495,74.9625
2018-03-27,74.8525,137745480,78.62,78.7982,74.116
2018-03-28,71.571,273607400,72.35,72.795,69.3085
2018-03-29,72.367,251400400,70.3,72.7735,68.26
2018-04-02,68.5995,208651200,70.881,71.0679,67.75
2018-04-03,69.6025,204258800,69.569,70.7,67.7665
2018-04-04,70.5285,138849700,67.912,70.7695,67.644
2018-04-05,72.5875,126110260,72.0995,72.9779,71.3535
2018-04-06,70.2615,116775160,71.4985,72.6251,70.013
2018-04-09,70.304,83871280,71.2515,71.924,70.1286
2018-04-10,71.811,85167160,71.5995,71.919,70.785
2018-04-11,71.3525,70888980,71.972,72.4388,71.2445
2018-04-12,72.425,62338780,71.975,72.606,71.753
2018-04-13,71.5395,72751720,72.4568,72.989,71.226
2018-04-16,72.075,55476720,72.25,72.35,71.374
2018-04-17,75.1915,100170640,73.1148,75.3595,72.8511
2018-04-18,76.392,101833540,75.7325,76.69,75.2055
2018-04-19,77.8455,129679340,77.161,78.426,76.953
2018-04-20,76.3745,110412840,78.06,78.06,75.8047
2018-04-23,75.893,88956020,77.3347,77.4,75.1705
2018-04-24,73.0045,149401180,76.79,76.975,72.4224
2018-04-25,73.0085,127319780,72.9,73.4995,70.751
2018-04-26,75.898,166197280,74.2505,76.471,73.925
2018-04-27,78.631,260508600,81.7005,81.905,78.3693
2018-04-30,78.3065,108425640,79.125,79.8,78.0471
2018-05-01,79.113,91033220,78.161,79.25,77.609
2018-05-02,78.484,85044600,79.049,79.425,78.318
2018-05-03,78.6038,84717700,78.0005,78.74,77.301
2018-05-04,79.0475,68281760,78.1225,79.245,78.1095
2018-05-07,80.007,75867520,79.4669,80.3475,79.3915
2018-05-08,79.6195,60670520,79.75,79.844,79.1255
2018-05-09,80.4,72573220,80.0,80.4,79.6
2018-05-10,80.454,55707880,80.4237,80.78,80.172
2018-05-11,80.1455,45171660,80.5495,80.555,79.8946
2018-05-14,80.077,49206040,80.2,80.559,80.0025
2018-05-15,78.806,101328400,79.3902,79.3902,78.261
2018-05-16,79.364,50709160,78.875,79.7215,78.8335
2018-05-17,79.088,42624760,79.028,79.702,78.65
2018-05-18,78.7185,52251280,79.0665,79.1795,78.605
2018-05-21,79.273,56813100,79.25,79.6025,78.75
2018-05-22,79.07,41074660,79.4945,79.4945,78.7625
2018-05-23,80.093,66970800,78.5525,80.093,78.317
2018-05-24,80.1535,67675760,79.9015,80.412,79.419
2018-05-25,80.5075,52495680,80.15,80.706,80.0224
2018-05-29,80.6435,76747620,80.0355,81.0895,80.0075
2018-05-30,81.2445,57854080,80.905,81.3,80.6465
2018-05-31,81.481,63152440,81.15,81.75,81.0675
2018-06-01,82.077,66049320,81.8515,82.3365,81.7545
2018-06-04,83.2635,63567740,82.445,83.284,82.2745
2018-06-05,84.8175,94665500,83.6495,84.95,83.503
2018-06-06,84.7875,109320640,85.2255,85.725,84.3235
2018-06-07,84.465,75122560,84.9279,84.995,83.8053
2018-06-08,84.1995,58980400,84.056,84.472,83.6505
2018-06-11,84.456,46357620,84.0755,84.7122,84.0296
2018-06-12,84.9375,44061120,84.65,84.9755,84.5762
2018-06-13,85.243,66305160,85.1405,85.6875,85.006
2018-06-14,86.193,63142540,85.674,86.24,85.4435
2018-06-15,85.7985,94582020,85.7,86.0435,85.426
2018-06-18,86.1895,61882200,85.313,86.337,85.128
2018-06-19,86.739,85569920,85.452,86.8055,85.0195
2018-06-20,87.504,86416720,87.125,88.1465,87.068
2018-06-21,86.511,98263540,88.0,88.155,85.878
2018-06-22,85.7835,81001180,87.131,87.15,85.595
2018-06-25,83.1575,149896360,85.1255,85.25,82.3154
2018-06-26,84.5545,85906400,83.6185,85.0783,83.167
2018-06-27,83.0255,95577440,85.4055,85.5975,83.0
2018-06-28,85.0725,90435760,83.627,85.275,83.0587
2018-06-29,84.99,89733600,85.85,86.1705,84.7158
2018-07-02,85.689,63612800,84.135,85.6945,83.903
2018-07-03,84.698,43545520,86.198,86.25,84.624
2018-07-05,84.9865,59480940,85.269,85.5345,84.1075
2018-07-06,85.5315,51729000,84.8,85.7634,84.5835
2018-07-09,86.951,58523880,86.2025,86.978,85.8115
2018-07-10,87.1535,59546200,86.9265,87.5,86.55
2018-07-11,87.75,63344180,86.8995,87.848,86.7
2018-07-12,89.831,90225480,88.2255,89.9,88.109
2018-07-13,90.6515,87636040,90.1965,90.765,89.7613
2018-07-16,91.1245,108518320,91.0975,92.0975,90.7225
2018-07-17,92.1965,113214100,90.578,92.5845,89.8692
2018-07-18,92.146,97024160,92.4,92.944,91.5635
2018-07-19,90.6485,91801260,91.473,92.05,90.5635
2018-07-20,90.685,77588960,91.2505,91.742,90.503
2018-07-23,90.1,77178060,90.6105,90.95,88.4995
2018-07-24,91.462,84566800,91.4505,92.0,90.4691
2018-07-25,93.1805,73153280,91.465,93.192,91.132
2018-07-26,90.4,192747980,91.95,92.234,90.225
2018-07-27,90.8635,193400840,93.8025,94.0025,90.3265
2018-07-30,88.961,130854240,91.3665,91.475,88.301
2018-07-31,88.872,114328980,89.3245,90.0915,86.966
2018-08-01,89.8585,82782880,89.2,89.9218,88.801
2018-08-02,91.7165,86758220,89.4385,91.828,89.3
2018-08-03,91.1645,69094360,91.8872,92.05,91.0751
2018-08-06,92.3875,67679420,91.2905,92.3885,90.946
2018-08-07,93.124,66655780,92.7265,93.486,92.3134
2018-08-08,94.326,78449240,93.05,94.5755,92.725
2018-08-09,94.926,96887260,94.1,95.7285,93.874
2018-08-10,94.315,72474680,94.4255,94.975,93.9106
2018-08-13,94.81,110169620,94.925,96.25,94.6835
2018-08-14,95.9825,78375160,95.9695,96.0505,95.0
2018-08-15,94.131,153162160,95.4775,95.8105,93.4895
2018-08-16,94.326,77685060,95.197,95.25,94.1776
2018-08-17,94.111,81770960,94.29,94.4,92.7775
2018-08-20,93.8355,57086400,94.5285,94.5873,93.303
2018-08-21,94.171,61364300,94.0,94.8875,93.7203
2018-08-22,95.245,61167380,93.832,95.29,93.832
2018-08-23,95.145,70963940,95.3585,95.975,95.038
2018-08-24,95.2695,55635400,95.5255,95.8005,95.127
2018-08-27,96.384,70929920,95.75,96.385,95.4641
2018-08-28,96.641,61409640,96.8865,97.0889,96.441
2018-08-29,99.905,128647080,97.6725,99.9345,97.447
2018-08-30,100.119,145091460,99.871,101.2785,99.345
2018-08-31,100.6355,82968640,100.35,101.119,100.237
2018-09-04,101.9755,114062560,101.325,102.525,100.65
2018-09-05,99.741,163942340,101.9055,102.019,99.4945
2018-09-06,97.9155,149461720,100.3253,100.375,96.7605
2018-09-07,97.6035,97139640,96.9355,98.76,96.8675
2018-09-10,96.9505,89621820,98.55,98.652,96.5758
2018-09-11,99.3575,100335600,96.4135,99.444,95.85
2018-09-12,99.5,88146680,99.7,100.0,98.122
2018-09-13,99.4935,72107960,100.0,100.438,99.1014
2018-09-14,98.5095,71757920,99.6465,99.6824,97.961
2018-09-17,95.4015,139631000,97.7365,97.841,94.3705
2018-09-18,97.0525,84637840,95.9325,97.91,95.772
2018-09-19,96.321,80752820,97.025,97.0415,95.245
2018-09-20,97.215,62840500,96.929,97.75,96.6125
2018-09-21,95.7505,135494540,97.711,97.8655,95.5251
2018-09-24,96.718,82931260,95.1895,96.844,93.25
2018-09-25,98.7275,87033240,97.145,98.7955,96.9425
2018-09-26,98.7425,85241940,98.425,99.7625,98.076
2018-09-27,100.649,85915160,99.6618,100.8078,99.429
2018-09-28,100.15,79831480,100.2205,101.326,99.8232
2018-10-01,100.218,69154500,101.0995,101.6595,100.18
2018-10-02,98.5655,107218480,99.9995,100.6695,98.2885
2018-10-03,97.638,103344480,99.085,99.485,97.4905
2018-10-04,95.471,144810980,97.45,97.8,94.8285
2018-10-05,94.4825,136324260,95.8995,96.454,93.1415
2018-10-08,93.221,146936560,93.7,95.0998,91.5331
2018-10-09,93.516,94648600,92.9995,94.8338,92.616
2018-10-10,87.7625,217579800,92.8945,92.928,87.7205
2018-10-11,85.968,277179400,86.2,87.77,84.255
2018-10-12,89.4305,187705120,90.4,90.4475,87.1265
2018-10-15,88.0475,127212120,89.75,89.7525,86.7115
2018-10-16,90.998,116539700,89.175,91.194,88.0775
2018-10-17,91.5865,105651940,92.1395,92.25,90.35
2018-10-18,88.536,116787040,91.0745,91.5075,88.3935
2018-10-19,88.2015,117088340,89.258,90.455,87.65
2018-10-22,89.465,89626680,89.2,90.475,87.8
2018-10-23,88.435,134113720,87.112,88.817,85.7
2018-10-24,83.21,136902460,88.685,88.8855,82.828
2018-10-25,89.1085,198828940,85.167,89.7405,84.6005
2018-10-26,82.1405,298837200,82.4795,84.923,80.15
2018-10-29,76.944,275836200,83.0,83.2869,74.75
2018-10-30,76.521,247902600,74.308,77.0495,73.818
2018-10-31,79.9005,187457980,78.4995,81.1955,78.2545
2018-11-01,83.2765,161080900,81.1765,83.5223,79.922
2018-11-02,83.2765,138652880,83.9295,84.872,82.5915
2018-11-05,81.39,112314980,82.8785,82.9045,79.818
2018-11-06,82.1405,84121860,80.9175,83.25,80.7275
2018-11-07,87.7745,163335540,83.65,87.9615,83.2038
2018-11-08,87.7455,130406900,87.75,89.2,86.2555
2018-11-09,85.6215,117841160,86.625,87.196,85.0935
2018-11-12,81.8425,135273860,84.912,85.4275,81.5005
2018-11-13,81.5585,118029980,82.4645,83.8532,80.6875
2018-11-14,79.9505,128783400,82.816,83.6498,79.8535
2018-11-15,80.972,167596480,79.0505,81.241,77.3255
2018-11-16,79.6705,121143980,79.375,80.724,78.656
2018-11-19,75.6145,154827400,78.8505,79.0595,75.168
2018-11-20,74.773,216488200,71.875,76.7375,71.0
2018-11-21,75.8365,114148000,77.1495,77.5,75.75
2018-11-23,75.103,54152840,75.85,76.81,75.0905
2018-11-26,79.0665,124530620,76.95,79.2405,76.211
2018-11-27,79.071,115168820,78.7995,79.8825,77.9005
2018-11-28,83.8875,168597880,80.696,84.0725,80.0607
2018-11-29,83.6785,132008480,83.7495,84.4995,82.6166
2018-11-30,84.5085,114883360,83.975,84.8,83.325
2018-12-03,88.618,136808240,88.473,88.917,86.5
2018-12-04,83.42,173068320,87.8,88.5169,83.25
2018-12-06,84.9595,174023940,80.7435,85.0525,80.4925
2018-12-07,81.4565,150178780,85.2535,85.9463,81.273
2018-12-10,82.0515,149343180,81.192,82.8995,79.5435
2018-12-11,82.162,124356660,83.9,83.9734,80.98
2018-12-12,83.177,131627120,83.45,85.2495,83.0135
2018-12-13,82.919,104980860,84.0,84.606,82.075
2018-12-14,79.5955,126953180,81.9,82.1285,79.25
2018-12-17,76.0455,174580400,78.3,78.8065,75.2505
2018-12-18,77.574,129361460,77.0,78.3775,76.1505
2018-12-19,74.754,172488020,77.1525,79.2265,74.159
2018-12-20,73.0415,198253180,74.2,75.475,71.6345
2018-12-21,68.8725,271129400,73.2495,74.0,68.198
2018-12-24,67.198,144399920,67.3,69.8015,65.35
2018-12-26,73.545,206657400,68.4445,73.6578,68.1505
2018-12-27,73.082,192624560,72.71,73.45,69.5155
2018-12-28,73.901,176451960,73.6675,75.6735,72.45
2018-12-31,75.0985,138831960,75.54,76.038,74.35
2019-01-02,76.9565,157439340,73.26,77.668,73.0465
2019-01-03,75.014,138684360,76.0005,76.9,74.8555
2019-01-04,78.7695,183234020,76.5,79.7,75.9155
2019-01-07,81.4755,159434400,80.1155,81.728,79.4592
2019-01-08,82.829,176615060,83.2345,83.8305,80.8305
2019-01-09,82.971,126670560,82.649,83.3899,82.0698
2019-01-10,82.811,129745040,82.0505,83.1625,81.0808
2019-01-11,82.028,93401860,82.0275,83.0147,81.811
2019-01-14,80.8605,119785980,80.75,82.41,79.7575
2019-01-15,83.728,119285960,81.6,83.758,81.3005
2019-01-16,84.189,126872280,84.211,85.25,83.7939
2019-01-17,84.661,83596720,84.0,85.0085,83.875
2019-01-18,84.81,119466360,85.6,85.81,84.577
2019-01-22,81.6085,128053100,84.05,84.0933,80.51
2019-01-23,82.001,103848400,82.8,82.8715,80.6
2019-01-24,82.7465,81554740,82.0535,82.8629,81.5892
2019-01-25,83.5285,98668680,83.525,84.174,83.0806
2019-01-28,81.8945,96151280,82.1795,82.25,80.7045
2019-01-29,79.694,91831720,81.5635,81.619,79.536
2019-01-30,83.5215,114340840,81.15,83.8475,80.984
2019-01-31,85.9365,206086600,84.6425,86.8206,83.9541
2019-02-01,81.3115,229682600,81.944,83.653,81.1005
2019-02-04,81.6655,98226380,81.15,82.4815,80.675
2019-02-05,82.9405,88872640,82.167,83.263,82.125
2019-02-06,82.013,78617400,83.5375,83.613,81.667
2019-02-07,80.7185,92105860,81.25,81.2769,79.6455
2019-02-08,79.411,112997760,79.3,79.4295,78.3378
2019-02-11,79.55,66024800,80.049,80.4645,79.3
2019-02-12,81.9005,96609740,80.2,81.9698,79.944
2019-02-13,82.0,70901920,82.35,82.819,81.8553
2019-02-14,81.1325,82131100,81.225,81.895,80.303
2019-02-15,80.3975,86667940,81.393,81.4455,80.225
2019-02-19,81.379,73436420,80.05,81.7,80.028
2019-02-20,81.105,66286200,81.5,81.7465,80.506
2019-02-21,80.972,69213640,80.9925,81.178,80.0455
2019-02-22,81.578,61806840,81.175,81.747,81.0585
2019-02-25,81.65,63383800,82.0725,82.73,81.5194
2019-02-26,81.82,53140380,81.299,81.9995,80.8067
2019-02-27,82.0545,62822920,81.409,82.0905,80.755
2019-02-28,81.9915,60320160,81.7625,82.5885,81.6915
2019-03-01,83.5865,93232360,82.7565,83.713,82.55
2019-03-04,84.8085,123084740,84.25,85.4715,83.718
2019-03-05,84.6215,73359540,85.1475,85.39,84.4505
2019-03-06,83.4475,79699920,84.7985,84.8875,83.414
2019-03-07,81.2975,98911280,83.3685,83.4877,81.0255
2019-03-08,81.04,93198900,80.2005,81.136,79.3285
2019-03-11,83.531,75945960,81.306,83.6143,81.3005
2019-03-12,83.655,71259860,83.45,84.2133,83.049
2019-03-13,84.5405,70816740,84.15,85.0,83.9675
2019-03-14,84.311,58755180,84.56,85.1,84.217
2019-03-15,85.618,150766000,85.15,85.94,84.6565
2019-03-18,87.1075,108067840,85.635,87.5,85.6315
2019-03-19,88.0925,126784640,87.6755,89.208,87.6755
2019-03-20,89.8635,123076120,88.497,89.975,88.3517
2019-03-21,90.963,114801500,89.813,91.1875,89.3641
2019-03-22,88.2385,126957160,90.5085,90.949,88.1555
2019-03-25,88.713,101963640,87.8895,89.1338,87.375
2019-03-26,89.188,96973080,89.65,90.2885,88.668
2019-03-27,88.285,86332920,89.2065,89.375,87.284
2019-03-28,88.671,60617200,88.5,88.8965,87.6735
2019-03-29,89.0375,66336620,89.329,89.643,88.8315
2019-04-01,90.7095,83469600,90.0055,90.7835,89.9365
2019-04-02,90.699,68711120,90.551,91.0,90.2561
2019-04-03,91.035,78460860,91.336,91.5,90.481
2019-04-04,90.943,72280260,91.0325,91.4375,90.21
2019-04-05,91.864,72569160,91.45,91.929,91.2595
2019-04-08,92.493,74908560,91.6615,92.51,91.2555
2019-04-09,91.792,74065660,92.2745,92.6545,91.589
2019-04-10,92.3665,59038780,92.05,92.4,91.4405
2019-04-11,92.2035,52463940,92.435,92.4975,92.0155
2019-04-12,92.153,61817980,92.42,92.575,92.065
2019-04-15,92.2435,74213060,92.1,92.3425,90.945
2019-04-16,93.152,60738140,92.5675,93.4885,92.4
2019-04-17,93.241,56762600,93.6495,93.8237,93.022
2019-04-18,93.0845,54900040,93.4395,93.541,92.974
2019-04-22,94.3655,67223240,92.77,94.421,92.282
2019-04-23,96.1885,92643380,94.56,96.463,94.479
2019-04-24,95.0875,72367640,96.25,96.4845,94.908
2019-04-25,95.1125,112519440,95.8502,96.1225,95.0155
2019-04-26,97.5315,167932100,96.45,97.55,94.9
2019-04-29,96.9215,80001040,97.45,97.8168,96.7045
2019-04-30,96.326,69858580,96.505,96.7855,95.3475
2019-05-01,95.576,62339280,96.6545,97.182,95.5275
2019-05-02,95.041,79258300,95.6665,96.0775,94.0935
2019-05-03,98.123,127631280,97.45,98.22,96.8
2019-05-06,97.5275,108356820,95.899,97.95,95.525
2019-05-07,96.05,118042680,96.9995,97.455,95.169
2019-05-08,95.8885,81571360,95.9435,96.7685,95.5
2019-05-09,94.9935,106165260,95.0,95.47,93.8
2019-05-10,94.499,114359880,94.9,95.1895,92.8
2019-05-13,91.134,115668200,91.828,92.3268,90.9
2019-05-14,92.006,92582140,91.975,92.622,90.7875
2019-05-15,93.5575,93852840,91.3975,93.7214,91.15
2019-05-16,95.3785,94156440,94.297,95.8755,94.1145
2019-05-17,93.45,94732360,94.6525,95.5265,93.3665
2019-05-20,92.9485,75963960,92.6345,93.389,91.777
2019-05-21,92.876,80102440,93.7395,93.95,92.3
2019-05-22,92.984,58732020,92.589,93.5743,92.55
2019-05-23,90.774,88485300,91.8295,92.2,90.21
2019-05-24,91.164,67393460,91.7945,92.088,90.8926
2019-05-28,91.8215,63999300,91.6375,92.4633,91.3675
2019-05-29,90.9595,85580500,91.156,91.5,90.3766
2019-05-30,90.816,62937000,91.2745,91.4735,90.3913
2019-05-31,88.7535,92376380,89.5005,89.7793,88.6352
2019-06-03,84.6345,181974160,88.0005,88.3145,83.6
2019-06-04,86.478,113582420,84.962,86.541,84.0445
2019-06-05,86.925,84795640,87.48,87.6,85.7626
2019-06-06,87.718,73785440,86.8855,88.0,86.3065
2019-06-07,90.2015,96164920,88.185,90.3127,87.9745
2019-06-10,93.0315,107420140,91.1,94.2435,90.9
2019-06-11,93.185,80853880,94.1625,94.685,92.9
2019-06-12,92.766,53566700,92.699,93.25,92.219
2019-06-13,93.515,55916200,93.336,94.1545,93.111
2019-06-14,93.4835,57023260,93.2,93.8,92.95
2019-06-17,94.3015,52686840,93.825,94.7844,93.7725
2019-06-18,95.0685,77914560,95.0675,96.0835,94.9895
2019-06-19,95.4395,57906940,95.392,95.979,94.6235
2019-06-20,95.9095,64343060,96.6665,96.76,95.29
2019-06-21,95.565,78671520,95.805,96.2975,95.379
2019-06-24,95.695,45659380,95.633,95.843,95.065
2019-06-25,93.9135,60246940,95.592,95.8193,93.621
2019-06-26,94.8915,48838200,94.624,95.19,94.366
2019-06-27,95.214,42834420,95.1,95.562,94.902
2019-06-28,94.6815,60747160,95.455,95.647,94.2
2019-07-01,96.1095,64066940,96.149,96.491,95.733
2019-07-02,96.7155,53025980,95.969,96.7395,95.3315
2019-07-03,96.95,33805880,96.7945,97.0795,96.525
2019-07-05,97.1455,52567180,96.43,97.295,96.265
2019-07-08,97.616,57667420,96.706,97.8,96.4127
2019-07-09,99.415,86913960,97.39,99.5005,97.1737
2019-07-10,100.8705,98638040,99.8255,101.247,99.77
2019-07-11,100.0535,86355320,101.281,101.79,99.765
2019-07-12,100.55,50185940,100.4135,100.85,100.1935
2019-07-15,101.0495,59626860,101.07,101.145,100.0775
2019-07-16,100.495,52363960,100.529,101.316,100.061
2019-07-17,99.6015,51176180,100.3525,100.6,99.6015
2019-07-18,98.895,70085040,99.0005,99.375,97.5775
2019-07-19,98.226,63712240,99.5605,99.8,98.1113
2019-07-22,99.2815,58162220,98.557,99.45,97.913
2019-07-23,99.7245,54069600,99.7995,99.8895,98.6565
2019-07-24,100.0405,52626000,98.465,100.065,98.2935
2019-07-25,98.691,82729220,100.05,100.06,98.636
2019-07-26,97.1525,98542860,97.1,97.5448,96.2255
2019-07-29,95.6225,89863800,96.5,96.6113,94.527
2019-07-30,94.9265,58217760,94.5558,95.4945,94.174
2019-07-31,93.339,89414540,94.9055,94.9775,92.472
2019-08-01,92.766,94266220,93.586,94.896,92.2005
2019-08-02,91.162,99124500,92.2535,92.3182,90.401
2019-08-05,88.2565,121164240,88.511,89.4334,87.439
2019-08-06,89.3915,101405160,89.6115,89.6885,87.67
2019-08-07,89.67,90537680,88.6995,89.9465,87.85
2019-08-08,91.6445,74024840,90.3,91.713,89.9055
2019-08-09,90.379,57595400,91.4475,91.5546,90.111
2019-08-12,89.246,58109960,89.7995,90.049,88.85
2019-08-13,91.217,81500420,89.15,91.5871,89.0
2019-08-14,88.148,97872980,89.6505,89.7826,87.8607
2019-08-15,88.806,76198960,89.0995,89.4,88.098
2019-08-16,89.6285,61084800,89.6445,90.1454,89.2275
2019-08-19,90.806,56406060,90.904,91.3,90.6305
2019-08-20,90.069,38656700,90.725,90.841,89.994
2019-08-21,91.177,40784620,90.9695,91.4789,90.75
2019-08-22,90.28,53167760,91.4,91.4706,90.005
2019-08-23,87.481,105557960,89.6515,90.2448,87.2615
2019-08-26,88.4435,61706400,88.3455,88.5,87.1755
2019-08-27,88.0915,60544900,88.7865,88.97,87.334
2019-08-28,88.2125,48437860,87.75,88.393,87.2025
2019-08-29,89.32,60360240,89.15,89.9275,88.8625
2019-08-30,88.8145,61282940,89.8745,89.987,88.2285
2019-09-03,89.492,70937180,88.5,90.04,88.4
2019-09-04,90.031,46524560,90.25,90.3815,89.8115
2019-09-05,92.036,66503780,91.0975,92.1,90.7788
2019-09-06,91.6755,49938660,91.911,92.0325,91.32
2019-09-09,91.5675,59990300,92.05,92.5,91.2305
2019-09-10,91.0275,52277580,91.1375,91.2905,90.2668
2019-09-11,91.1495,48655340,90.607,91.671,90.454
2019-09-12,92.1775,56470100,91.8815,92.683,91.714
2019-09-13,91.967,39426340,92.1005,92.3061,91.7585
2019-09-16,90.392,73509460,91.201,91.2847,90.01
2019-09-17,91.1275,40661160,90.354,91.1995,90.205
2019-09-18,90.873,50720240,90.852,91.103,89.775
2019-09-19,91.075,41566700,91.051,91.6285,90.895
2019-09-20,89.708,111116780,91.0855,91.5315,89.046
2019-09-23,89.265,62782840,88.85,89.635,88.366
2019-09-24,87.0805,92758020,89.5303,89.7853,86.7773
2019-09-25,88.4165,70621960,87.368,88.65,86.15
2019-09-26,86.992,71439040,88.1395,88.1685,86.575
2019-09-27,86.2725,78960580,87.4,87.456,85.691
2019-09-30,86.7955,55215360,86.3495,86.873,85.461
2019-10-01,86.7825,63409200,87.3,87.78,86.4205
2019-10-02,85.6615,66769520,86.387,86.4445,85.25
2019-10-03,86.221,72487420,85.65,86.25,84.253
2019-10-04,86.9825,49785540,86.301,87.0288,85.9615
2019-10-07,86.633,43751960,86.5815,87.3915,86.185
2019-10-08,85.2755,52536800,86.1245,86.35,85.25
2019-10-09,86.0995,41786700,85.9805,86.4975,85.718
2019-10-10,86.013,54430620,86.262,86.9145,85.6875
2019-10-11,86.596,65590680,87.146,87.2725,86.493
2019-10-14,86.8215,38577960,86.4455,87.0944,86.1
2019-10-15,88.369,62584880,87.107,88.8225,87.031
2019-10-16,88.8715,56081360,88.6665,89.312,88.526
2019-10-17,89.374,54275460,89.8245,89.9425,89.101
2019-10-18,87.8755,67321820,89.39,89.699,87.46
2019-10-21,89.283,44498040,88.483,89.294,88.25
2019-10-22,88.2865,44688500,89.4075,89.489,88.1
2019-10-23,88.1085,43807600,88.065,88.5025,87.1
2019-10-24,89.039,104087000,88.5545,89.4169,88.0135
2019-10-25,88.0665,192528040,84.8775,88.2105,84.75
2019-10-28,88.854,74177020,87.403,88.935,87.125
2019-10-29,88.1355,45537100,88.7405,88.85,87.7905
2019-10-30,88.9995,48988100,88.012,89.119,87.9558
2019-10-31,88.833,55623700,88.7995,89.6,88.5738
2019-11-01,89.572,55807080,89.4005,89.8723,89.2605
2019-11-04,90.233,55438440,90.0505,90.753,90.0505
2019-11-05,90.0855,37710860,90.458,90.5125,89.7
2019-11-06,89.7885,40595660,90.05,90.125,89.429
2019-11-07,89.41,53021720,90.188,90.295,89.174
2019-11-08,89.294,42523960,89.3945,89.494,88.702
2019-11-11,88.5825,38956200,88.9,89.0,88.3565
2019-11-12,88.9,40778500,88.733,89.311,88.5955
2019-11-13,87.6555,58537840,88.6695,88.75,87.3661
2019-11-14,87.73,45388340,87.5715,88.3297,87.478
2019-11-15,86.9745,78622820,88.0025,88.084,86.643
2019-11-18,87.6265,56838140,86.915,87.685,86.1355
2019-11-19,87.6395,45490700,87.8495,88.034,87.1515
2019-11-20,87.2765,55875180,87.457,88.1262,86.706
2019-11-21,86.7355,53258760,87.15,87.3435,86.518
2019-11-22,87.286,49581620,86.951,87.3215,86.55
2019-11-25,88.692,69789340,87.6625,88.871,87.662
2019-11-26,89.847,63808560,88.996,89.8515,88.9175
2019-11-27,90.9255,60716920,90.05,91.225,89.8655
2019-11-29,90.04,38468800,90.889,91.2345,90.0395
2019-12-02,89.08,78635000,90.22,90.2775,88.134
2019-12-03,88.498,70591640,88.0,88.6435,87.3615
2019-12-04,88.0345,53614000,88.7005,89.4545,88.011
2019-12-05,87.024,56557040,88.175,88.175,87.0
2019-12-06,87.58,62399580,87.56,87.72,87.0065
2019-12-09,87.4755,50049780,87.533,88.3446,87.2805
2019-12-10,86.9605,50312880,87.37,87.5335,86.75
2019-12-11,87.436,42026360,87.0835,87.5,86.7855
2019-12-12,88.0165,62078980,87.5,88.2,87.272
2019-12-13,88.047,54958180,88.25,88.4495,87.75
2019-12-16,88.4605,62986900,88.35,88.475,87.8525
2019-12-17,89.533,72933940,88.9005,89.6,88.8695
2019-12-18,89.2015,67082740,89.751,89.91,89.118
2019-12-19,89.614,54766400,89.025,89.6495,88.703
2019-12-20,89.325,103049200,89.9808,90.1485,89.1225
2019-12-23,89.65,42749860,89.413,89.65,89.2255
2019-12-24,89.4605,17626740,89.6905,89.7785,89.3788
2019-12-26,93.4385,120492160,90.0505,93.523,89.975
2019-12-27,93.49,123775080,94.146,95.07,93.3005
2019-12-30,92.3445,73546120,93.7,94.2,92.031
2019-12-31,92.392,50207600,92.1,92.663,91.6115
2020-01-02,94.9005,80718200,93.75,94.9005,93.2075
2020-01-03,93.7485,75332080,93.225,94.3098,93.225
2020-01-06,95.144,81313960,93.0,95.1845,93.0
2020-01-07,95.343,82680200,95.225,95.6945,94.6022
2020-01-08,94.5985,70239320,94.902,95.55,94.3222
2020-01-09,95.0525,63499240,95.4945,95.891,94.7902
2020-01-10,94.158,57139180,95.2685,95.347,94.0
2020-01-13,94.565,55716880,94.5655,94.9,94.04
2020-01-14,93.472,68927620,94.294,94.3555,92.9275
2020-01-15,93.101,57931840,93.6125,93.943,92.7545
2020-01-16,93.897,53189860,94.1495,94.2795,93.301
2020-01-17,93.236,79946800,94.2945,94.332,92.8625
2020-01-21,94.6,74155700,93.25,94.7135,93.0
2020-01-22,94.373,64325140,94.8045,95.125,94.167
2020-01-23,94.229,49692260,94.2555,94.4988,93.638
2020-01-24,93.082,75323620,94.5685,94.7495,92.372
2020-01-27,91.417,70570180,91.0,92.05,90.767
2020-01-28,92.6625,56160800,92.025,92.9055,91.501
2020-01-29,92.9,42027800,93.2,93.7375,92.751
2020-01-30,93.534,126548760,92.9,93.6435,92.5305
2020-01-31,100.436,311345600,102.5735,102.786,100.1135
2020-02-03,100.21,117981880,100.53,102.425,100.0125
2020-02-04,102.4835,105786760,101.494,102.99,100.7685
2020-02-05,101.9935,87523480,103.551,103.551,101.6
2020-02-06,102.5115,63659080,102.051,102.815,101.24
2020-02-07,103.964,101906940,102.0995,104.9265,101.905
2020-02-10,106.6955,101124700,104.2505,106.78,104.248
2020-02-11,107.54,114920220,107.545,109.2975,106.8
2020-02-12,108.0,66685280,108.16,109.0125,107.7645
2020-02-13,107.4935,60635820,107.2495,108.514,107.1
2020-02-14,106.7435,52123380,107.784,107.9518,106.2945
2020-02-18,107.7835,59021400,106.251,108.3035,106.2053
2020-02-19,108.511,51223300,108.39,109.255,108.056
2020-02-20,107.655,62626840,108.6535,108.8395,106.3725
2020-02-21,104.7985,93014800,107.1075,107.2275,104.4
2020-02-24,100.4645,130939940,100.159,101.9648,99.3987
2020-02-25,98.637,124381880,101.321,101.73,97.921
2020-02-26,98.9795,104808040,98.514,100.7335,98.0225
2020-02-27,94.215,162879860,96.719,98.75,94.1381
2020-02-28,94.1875,189875940,90.7315,94.488,90.5564
2020-03-02,97.6975,135233020,95.3245,97.7255,93.5
2020-03-03,95.4495,150689820,98.7685,99.8165,94.4045
2020-03-04,98.7915,95458380,97.3285,98.9,96.1
2020-03-05,96.2015,94964200,96.65,98.036,95.5
2020-03-06,95.0545,105471600,93.75,95.5435,93.475
2020-03-09,90.0305,156264640,88.693,93.1385,88.0645
2020-03-10,94.591,142666200,93.544,94.7135,90.9085
2020-03-11,91.043,112936620,92.8925,93.566,90.075
2020-03-12,83.8305,226924200,86.099,88.25,83.75
2020-03-13,89.25,176194500,87.75,89.3155,84.031
2020-03-16,84.4575,178345300,82.0755,87.9726,81.3016
2020-03-17,90.392,218342600,88.7735,92.8888,84.462
2020-03-18,91.5,192904360,87.5,92.083,87.25
2020-03-19,94.0465,207998800,93.0,97.25,91.6325
2020-03-20,92.3045,196357000,96.3155,97.85,91.0365
2020-03-23,95.1415,156169780,91.3875,95.97,90.6
2020-03-24,97.005,142941600,97.5747,97.75,95.017
2020-03-25,94.292,129581460,96.0345,97.513,94.289
2020-03-26,97.7745,124702360,95.1,97.8245,94.4645
2020-03-27,95.005,107757940,96.543,96.9895,94.996
2020-03-30,98.1975,122521740,96.1415,98.6815,95.617
2020-03-31,97.486,102472520,98.2175,99.651,97.2005
2020-04-01,95.385,82437500,96.6485,97.248,94.65
2020-04-02,95.9415,86719700,95.082,96.3763,94.5
2020-04-03,95.3295,72197400,95.5575,96.3165,94.4575
2020-04-06,99.8795,115463620,96.8,99.926,96.501
2020-04-07,100.58,102279660,100.8555,101.786,99.881
2020-04-08,102.15,79546260,101.05,102.2,100.5575
2020-04-09,102.138,93112340,102.215,102.65,100.883
2020-04-13,108.4435,134334180,102.0,109.0,101.9
2020-04-14,114.166,161743860,110.0235,114.6,109.3105
2020-04-15,115.384,137331340,112.884,116.6685,112.25
2020-04-16,120.4095,240764000,117.3,123.0499,116.75
2020-04-17,118.75,158600200,118.6165,120.0,115.801
2020-04-20,119.6805,115413880,119.4975,122.249,119.3025
2020-04-21,116.406,149533580,120.8305,121.4155,113.983
2020-04-22,118.1745,84365900,118.45,119.7,117.55
2020-04-23,119.9725,101331040,119.999,121.211,119.104
2020-04-24,120.511,76635940,120.85,121.0217,119.1
2020-04-27,118.8,112912900,122.16,122.244,118.15
2020-04-28,115.704,105388920,118.605,118.675,115.3
2020-04-29,118.6355,91831860,116.5005,119.5945,115.5
2020-04-30,123.7,190692220,120.992,123.75,119.8005
2020-05-01,114.302,195452100,116.84,118.122,112.9095
2020-05-04,115.7995,97318520,112.819,116.349,112.819
2020-05-05,115.89,64849920,117.0,117.55,115.3563
2020-05-06,117.563,62356280,116.472,117.8725,116.0
2020-05-07,118.3805,67928220,118.739,118.8,117.1555
2020-05-08,118.9805,64224560,118.607,119.3622,117.85
2020-05-11,120.45,65184620,118.735,120.9833,118.6055
2020-05-12,117.8475,61498320,120.5925,120.95,117.75
2020-05-13,118.396,95658380,118.34,120.385,116.8902
2020-05-14,119.4425,72962560,118.0505,119.5685,117.6605
2020-05-15,120.489,84699020,118.426,120.55,117.8185
2020-05-18,121.313,87331440,120.2173,121.65,119.2005
2020-05-19,122.4665,86409960,121.4915,124.2498,121.4485
2020-05-20,124.897,79962860,123.8935,125.0005,123.3635
2020-05-21,122.337,102288060,125.0,126.2725,122.127
2020-05-22,121.844,57341580,122.7505,123.4925,121.5065
2020-05-26,121.093,71363060,122.9,123.1,120.703
2020-05-27,120.5195,101138900,120.2495,120.679,116.5
2020-05-28,120.055,63862720,119.2165,121.8485,118.9115
2020-05-29,122.1185,70586580,120.797,122.1185,119.9099
2020-06-01,123.552,58760640,122.4,123.8465,122.2085
2020-06-02,123.6205,50598060,123.35,123.6765,122.2655
2020-06-03,123.92,53420480,123.4005,124.4,123.0585
2020-06-04,123.03,58974200,123.8715,125.377,122.5005
2020-06-05,124.15,66128900,122.2255,124.4323,121.8565
2020-06-08,126.203,79413080,125.01,126.5,124.3668
2020-06-09,130.043,103519000,126.472,131.3215,126.25
2020-06-10,132.3725,98920620,132.25,136.1175,131.313
2020-06-11,127.898,116002140,130.175,133.569,126.8115
2020-06-12,127.251,108722540,130.0605,131.0738,125.1675
2020-06-15,128.634,77466700,126.33,129.2,125.4
2020-06-16,130.7635,71912980,131.0,131.0,128.8
2020-06-17,132.049,59186320,132.375,132.75,131.591
2020-06-18,132.699,49755480,132.3505,132.982,131.8055
2020-06-19,133.7505,115539260,133.904,134.8715,132.95
2020-06-22,135.691,64175600,134.225,135.75,133.45
2020-06-23,138.2205,84634140,136.301,139.1555,135.902
2020-06-24,136.72,90532100,139.0,139.8,136.05
2020-06-25,137.729,59373140,136.9775,137.8115,135.607
2020-06-26,134.6435,130015680,138.7528,139.1284,134.4
2020-06-29,134.019,84468440,134.5005,134.84,131.504
2020-06-30,137.941,75393720,134.2533,138.4815,133.7515
2020-07-01,143.935,127268780,137.8995,144.75,137.7
2020-07-02,144.515,131867740,145.6005,147.778,143.5551
2020-07-06,152.852,137612840,146.7485,152.994,146.5
2020-07-07,150.006,105150280,152.9275,153.4775,149.5
2020-07-08,154.0555,100752700,151.1305,154.1985,150.6215
2020-07-09,159.1315,127773180,155.7995,159.694,153.7001
2020-07-10,160.0,109719640,159.588,160.75,156.785
2020-07-13,155.2,154408400,162.553,167.2145,153.4195
2020-07-14,154.2,144638660,154.45,156.369,147.5
2020-07-15,150.4435,115777480,154.0115,154.9175,148.659
2020-07-16,149.995,127884920,148.553,151.6,145.9115
2020-07-17,148.0985,95226380,150.45,151.2,147.4225
2020-07-20,159.842,151963520,150.01,160.068,149.7009
2020-07-21,156.9145,122699300,161.6245,162.0288,155.286
2020-07-22,154.9955,82084500,156.25,157.5,153.263
2020-07-23,149.3275,113138120,154.9136,154.9136,148.5
2020-07-24,150.4455,112648260,146.5,151.579,144.4
2020-07-27,152.7605,83409840,153.1,154.9,150.7885
2020-07-28,150.0165,62533020,152.7135,153.8546,149.788
2020-07-29,151.6765,59481200,151.5495,151.958,149.8385
2020-07-30,152.594,122565300,150.7,154.6,150.25
2020-07-31,158.234,161667380,162.2,162.341,157.55
2020-08-03,155.5945,101493260,159.0255,159.2,155.2
2020-08-04,156.9415,93885880,155.0605,158.362,155.0605
2020-08-05,160.2515,78600500,157.1885,160.6793,156.365
2020-08-06,161.25,78812040,159.718,162.3735,158.2715
2020-08-07,158.373,78722540,161.2005,162.0405,157.0336
2020-08-10,157.408,63345480,158.5155,158.6255,155.076
2020-08-11,154.0335,74361140,155.66,157.961,153.65
2020-08-12,158.112,70544580,155.4,158.7193,155.071
2020-08-13,158.051,62980860,159.1495,160.8761,157.75
2020-08-14,157.401,55034460,158.909,158.9118,156.0
2020-08-17,159.1205,53824740,158.656,159.7485,157.7089
2020-08-18,165.6245,106919480,160.6,166.0,160.2909
2020-08-19,163.024,83702740,165.1505,165.795,162.8
2020-08-20,164.8685,66649560,162.6,165.631,161.9
2020-08-21,164.236,71517240,164.75,165.7198,163.7695
2020-08-24,165.373,93325160,165.5075,169.0158,162.878
2020-08-25,167.3245,79856840,164.7495,167.87,163.35
2020-08-26,172.0925,130174860,167.5555,172.5869,167.2284
2020-08-27,170.0,85295900,172.5025,172.65,168.9
2020-08-28,170.09,57939560,171.15,171.6685,169.325
2020-08-31,172.548,83717700,170.4495,174.75,170.25
2020-09-01,174.956,69528140,174.479,175.6935,173.35
2020-09-02,176.5725,78629520,177.35,177.6125,174.3343
2020-09-03,168.4,163222260,174.25,174.4205,165.15
2020-09-04,164.731,175635080,165.9,169.075,155.5565
2020-09-08,157.492,121884100,157.2,162.5423,156.5
2020-09-09,163.4305,103773500,160.1495,165.1588,159.25
2020-09-10,158.7555,106614820,165.361,167.4945,158.5275
2020-09-11,155.811,101879640,160.4345,160.867,154.199
2020-09-14,155.1485,90591920,158.6469,159.3695,154.8
2020-09-15,157.8065,80430700,156.808,158.751,155.446
2020-09-16,153.905,90623780,158.9995,159.3619,153.7075
2020-09-17,150.4365,128981000,150.4625,151.4716,148.6275
2020-09-18,147.7455,177851600,151.587,151.89,145.277
2020-09-21,148.0235,122358500,145.325,148.1,143.55
2020-09-22,156.4495,138976320,151.6918,156.6995,150.01
2020-09-23,149.993,113053300,156.0215,156.35,149.6188
2020-09-24,150.9895,110587840,148.8895,153.465,148.25
2020-09-25,154.7565,92304040,152.743,155.077,149.95
2020-09-28,158.7025,84483300,157.4425,158.752,155.8584
2020-09-29,157.244,70067960,158.7695,159.413,156.627
2020-09-30,157.4365,97922020,157.057,160.644,156.6995
2020-10-01,161.063,99438440,160.4,161.2,158.6
2020-10-02,156.25,112261960,157.6815,159.7898,156.15
2020-10-05,159.96,75506640,157.292,160.1265,157.0425
2020-10-06,154.998,101737140,158.25,159.1,154.5
2020-10-07,159.7845,86188780,156.75,160.0,156.6193
2020-10-08,159.5275,63482280,161.2495,161.6647,158.7495
2020-10-09,164.3325,98157420,160.5,164.4495,159.8915
2020-10-12,172.1465,167283960,167.497,174.812,166.9775
2020-10-13,172.1815,114893940,173.3995,174.619,171.2109
2020-10-14,168.1855,116578320,172.35,173.244,167.0
2020-10-15,166.9325,104468960,164.6005,167.794,164.0
2020-10-16,163.6355,129487060,168.1615,169.983,158.0
2020-10-19,160.3605,104472520,164.9805,166.45,159.6368
2020-10-20,160.8505,90193560,161.114,163.3,159.6005
2020-10-21,159.247,91854720,160.625,161.6938,158.0
2020-10-22,158.82,84240100,159.4935,159.9375,156.097
2020-10-23,160.22,69333740,159.55,160.2665,157.0
2020-10-26,160.352,118023020,159.937,164.149,157.665
2020-10-27,164.3165,85820940,161.247,164.583,160.565
2020-10-28,158.139,111766600,162.465,163.201,158.1235
2020-10-29,160.5505,131930580,160.0635,162.8625,158.2
2020-10-30,151.8075,167921620,157.8875,158.3502,150.95
2020-11-02,150.224,145147000,153.087,153.9853,147.506
2020-11-03,152.4205,97957600,150.9265,153.745,149.049
2020-11-04,162.058,136780820,157.9995,162.2425,156.9865
2020-11-05,166.1,115785700,165.9985,168.34,164.444
2020-11-06,165.5685,92946600,165.232,166.1,161.6
2020-11-09,157.187,143808120,161.5515,164.45,155.6053
2020-11-10,151.751,131819120,154.751,155.7,150.9741
2020-11-11,156.8695,87338460,153.089,156.9573,152.5
2020-11-12,155.514,87424160,157.9975,158.794,154.3025
2020-11-13,156.4405,75251740,156.1,157.0861,154.2695
2020-11-16,156.553,76173520,154.66,157.135,153.6343
2020-11-17,156.783,68894700,159.1773,159.4625,156.763
2020-11-18,155.273,58336720,156.7,157.0,155.255
2020-11-19,155.851,60205400,155.2655,156.25,154.046
2020-11-20,154.97,67602760,155.851,156.6445,154.9023
2020-11-23,154.9195,94177740,155.835,156.9873,153.273
2020-11-24,155.903,72042040,155.025,156.7125,154.3129
2020-11-25,159.2535,75808060,157.0935,159.9,157.013
2020-11-27,159.767,47857340,160.563,160.8095,159.5025
2020-11-30,158.402,81278320,160.424,161.4195,156.2775
2020-12-01,161.004,90887640,159.425,162.4475,157.859
2020-12-02,160.1765,62586080,161.0825,161.6,158.663
2020-12-03,159.3365,57840780,160.273,161.432,159.0655
2020-12-04,158.129,58272220,159.9105,159.9105,157.938
2020-12-07,157.9,55026320,157.824,159.038,157.0845
2020-12-08,158.8645,65726060,157.945,159.2065,156.001
2020-12-09,155.21,82016720,158.3945,158.7215,154.4
2020-12-10,155.0745,60603720,154.4495,157.105,153.8
2020-12-11,155.821,61293900,154.833,155.9335,153.641
2020-12-14,157.8485,83115880,157.15,159.5235,156.3
2020-12-15,158.256,66473720,159.0505,159.425,156.5245
2020-12-16,162.048,88552320,158.8005,162.35,158.184
2020-12-17,161.804,69486940,162.5,163.1755,161.05
2020-12-18,160.0825,119914260,162.1995,162.471,158.58
2020-12-21,160.309,76736920,160.0005,161.3483,158.3
2020-12-22,160.326,47635620,160.1422,161.1,159.004
2020-12-23,159.2635,41875740,160.25,160.5065,159.2085
2020-12-24,158.6345,29038340,159.695,160.1,158.45
2020-12-28,164.198,113735740,159.7,165.2,158.6345
2020-12-29,166.1,97458660,165.497,167.5325,164.0612
2020-12-30,164.2925,64186200,167.05,167.105,164.1235
2020-12-31,162.8465,59144120,163.75,164.1461,162.06
2021-01-04,159.3315,88228980,163.5,163.6,157.201
2021-01-05,160.9255,53110960,158.3005,161.169,158.253
2021-01-06,156.919,87896300,157.324,159.8755,156.558
2021-01-07,158.108,70290900,157.85,160.4271,157.75
2021-01-08,159.135,70754880,159.0,159.532,157.11
2021-01-11,155.7105,73381900,157.4005,157.8192,155.5
2021-01-12,156.0415,70291640,156.0,157.1071,154.3
2021-01-13,158.2945,66424880,156.422,159.4975,156.104
2021-01-14,156.3735,61418380,158.376,158.9,156.0295
2021-01-15,155.2125,84879900,156.151,157.1273,154.7585
2021-01-19,156.038,66102840,155.35,157.25,154.8
2021-01-20,163.169,106196700,159.0995,163.99,158.75
2021-01-21,165.3495,98901020,164.65,167.4275,164.4784
2021-01-22,164.6115,56438280,165.2155,166.0955,164.1582
2021-01-25,164.7,74995160,166.425,168.1945,162.1573
2021-01-26,166.3065,59104700,164.8178,166.9,164.1435
2021-01-27,161.629,93203160,167.0745,167.326,160.354
2021-01-28,161.881,62984560,161.752,165.084,161.4345
2021-01-29,160.31,85871120,161.5,161.8495,159.2275
2021-02-01,167.144,83204240,162.118,167.513,161.7513
2021-02-02,169.0,141972740,169.0,171.387,168.0563
2021-02-03,165.6265,141775620,171.2505,171.7,165.431
2021-02-04,166.55,73413220,166.5,167.35,163.8875
2021-02-05,167.6075,72416160,165.95,168.85,165.1355
2021-02-08,166.147,65147820,167.925,168.25,165.2
2021-02-09,165.25,44070520,165.6245,166.9,164.892
2021-02-10,164.329,63031000,165.7,165.8977,162.7
2021-02-11,163.1065,46028340,164.6,164.6,162.403
2021-02-12,163.8855,46706780,162.5,164.0125,161.6655
2021-02-16,163.4475,51494420,162.7025,165.415,162.6796
2021-02-17,165.432,66041980,163.18,166.0455,162.975
2021-02-18,166.4115,60672140,164.121,166.9,163.697
2021-02-19,162.495,86103680,166.4115,166.675,162.2875
2021-02-22,159.037,70313580,160.4065,161.616,158.613
2021-02-23,159.725,93544440,156.3515,160.2365,154.68
2021-02-24,157.9765,60225500,158.3375,158.5615,156.269
2021-02-25,152.858,90676020,156.837,158.913,152.388
2021-02-26,154.6465,85518600,154.76,156.122,151.835
2021-03-01,157.307,54679260,156.3945,157.478,154.8995
2021-03-02,154.7265,51915240,157.1735,158.176,154.356
2021-03-03,150.25,79774500,154.059,155.3888,149.75
2021-03-04,148.8785,109631560,150.6,152.9065,147.2715
2021-03-05,150.023,107771020,150.25,150.45,144.05
2021-03-08,147.5975,83700160,150.75,153.2295,147.5655
2021-03-09,153.1425,80600640,150.8995,154.548,150.2574
2021-03-10,152.882,60249780,154.9225,155.823,151.5025
2021-03-11,155.6795,55527820,155.2005,156.5892,154.1465
2021-03-12,154.4745,48437760,153.75,154.949,152.275
2021-03-15,154.084,58371840,153.7285,154.112,151.6045
2021-03-16,154.593,50775280,155.2485,156.4455,153.793
2021-03-17,156.7865,62371680,153.661,158.6525,153.511
2021-03-18,151.3995,73140540,155.05,155.8315,151.25
2021-03-19,153.748,92507080,151.4615,153.8643,150.8315
2021-03-22,155.5435,58043580,153.3925,156.329,153.0025
2021-03-23,156.875,76345260,156.35,159.1,156.0425
2021-03-24,154.3535,59179620,157.552,158.0155,154.2575
2021-03-25,152.313,71269380,153.6495,155.489,151.857
2021-03-26,152.6015,66258480,152.203,152.833,149.8
2021-03-29,153.7865,54919360,152.772,154.5625,151.4223
2021-03-30,152.7645,46752060,153.5005,153.65,151.7
2021-03-31,154.704,61877920,153.203,155.9665,153.125
2021-04-01,158.05,58806360,155.897,158.122,155.7775
2021-04-05,161.3365,66697640,158.65,161.7978,158.062
2021-04-06,161.191,50756180,161.1875,162.3655,160.852
2021-04-07,163.9695,66924540,161.69,165.1806,161.1825
2021-04-08,164.965,56241800,165.545,166.225,164.6
2021-04-09,168.61,86829460,165.235,168.61,164.445
2021-04-12,168.9695,65635960,167.7605,169.752,167.5575
2021-04-13,170.0,66316740,170.0423,171.6,169.7815
2021-04-14,166.65,62904080,170.202,170.2065,166.3
2021-04-15,168.9545,64671600,168.55,169.85,167.6
2021-04-16,169.972,63720980,169.0,170.34,167.7795
2021-04-19,168.6005,54508100,169.5165,171.7967,168.008
2021-04-20,166.7345,52460640,168.68,169.1495,165.8
2021-04-21,168.101,44223320,165.8,168.143,165.1903
2021-04-22,165.452,51611800,168.584,168.6435,165.0725
2021-04-23,167.044,63933040,165.955,168.75,165.425
2021-04-26,170.45,97614160,167.4,171.4225,166.547
2021-04-27,170.8715,76542800,172.1735,173.0,169.9005
2021-04-28,172.925,92637680,171.74,174.494,171.25
2021-04-29,173.5655,153647620,175.2549,175.7223,171.75
2021-04-30,173.371,140186920,176.256,177.7,173.125
2021-05-03,169.3245,117510600,174.2365,174.3323,168.6351
2021-05-04,165.5935,108788980,167.8095,168.3988,163.6065
2021-05-05,163.527,74226160,166.9428,167.7348,163.218
2021-05-06,165.3185,88953920,163.5,165.72,162.36
2021-05-07,164.5805,94205520,165.9545,166.5445,164.4535
2021-05-10,159.5245,116772060,164.116,164.15,159.5
2021-05-11,161.1955,92395620,156.814,161.9,156.3685
2021-05-12,157.597,98728200,159.25,160.397,156.655
2021-05-13,158.0735,67137540,159.2735,160.192,156.65
2021-05-14,161.145,66500440,159.278,161.443,159.15
2021-05-17,163.5195,73711980,162.2965,164.6375,161.7295
2021-05-18,161.614,56567820,164.6288,165.6,161.5185
2021-05-19,161.59,53594160,159.75,161.7375,159.2
2021-05-20,162.384,52663840,162.2202,162.984,161.809
2021-05-21,160.154,82097640,162.5,162.8347,159.8505
2021-05-24,162.2495,48456260,160.775,162.8975,160.525
2021-05-25,162.9525,65222180,163.3335,163.991,160.688
2021-05-26,163.258,47679720,163.7296,164.7865,162.9255
2021-05-27,161.5055,51223140,162.8,163.0178,161.502
2021-05-28,161.1535,46630180,162.1,162.3995,160.985
2021-06-01,160.9325,48600900,162.1748,162.549,160.453
2021-06-02,161.6995,40290480,161.155,161.75,160.4
2021-06-03,159.3505,47965860,160.2115,160.7218,159.2015
2021-06-04,160.311,44994980,160.6,161.05,159.9405
2021-06-07,159.9005,44315120,159.8665,160.4,158.61
2021-06-08,163.2055,68334600,161.1305,163.9766,160.9005
2021-06-09,164.0575,49110600,163.6435,164.879,163.535
2021-06-10,167.4825,69529600,164.1005,167.55,164.0575
2021-06-11,167.3415,56347040,167.4825,168.329,166.6725
2021-06-14,169.1935,51393100,167.3415,169.25,166.775
2021-06-15,169.1565,48524000,169.2,169.8493,168.1555
2021-06-16,170.7625,84055640,169.6,171.3175,168.0265
2021-06-17,174.462,102730620,170.159,174.86,170.05
2021-06-18,174.345,104954740,173.9995,175.35,173.6855
2021-06-21,172.698,65542600,173.821,174.1,171.7
2021-06-22,175.272,66901640,172.903,176.189,172.8045
2021-06-23,175.191,56266820,175.25,176.05,174.16
2021-06-24,172.454,76639980,175.382,176.243,171.5425
2021-06-25,170.073,78819940,173.2,173.241,169.709
2021-06-28,172.1945,44855860,170.8,172.4,170.6755
2021-06-29,172.407,41968780,171.941,172.8015,171.1515
2021-06-30,172.008,48079840,172.053,173.5801,171.75
2021-07-01,171.6485,40741060,171.7305,172.85,170.471
2021-07-02,175.549,63533940,172.582,175.586,171.846
2021-07-06,183.787,134895360,176.5055,184.274,176.45
2021-07-07,184.829,106561240,185.8689,186.71,183.9455
2021-07-08,186.5705,103612460,182.178,187.9993,181.056
2021-07-09,185.967,74964740,186.126,187.4,184.6698
2021-07-12,185.9275,51432700,187.2,187.8645,184.8396
2021-07-13,183.868,76918340,185.105,188.6539,183.566
2021-07-14,184.084,65931360,185.4425,185.883,183.0413
2021-07-15,181.56,63705840,184.71,184.77,181.046
2021-07-16,178.6815,80874120,181.6655,182.303,178.5228
2021-07-19,177.4795,75691900,176.629,177.5105,174.958
2021-07-20,178.6595,65113600,178.366,179.6,175.9
2021-07-21,179.26,46379780,178.8188,179.3225,177.1821
2021-07-22,181.9015,65307040,179.3615,182.001,179.1135
2021-07-23,182.832,48725840,182.0,183.3055,181.102
2021-07-26,184.991,58001360,183.6585,185.604,182.3625
2021-07-27,181.3195,82637800,184.925,184.925,179.3075
2021-07-28,181.516,59987560,181.689,182.921,180.05
2021-07-29,179.996,110399040,181.3875,181.8975,179.0005
2021-07-30,166.3795,199311860,167.3975,168.407,165.349
2021-08-02,166.574,67078300,167.655,167.946,165.85
2021-08-03,168.312,83146860,167.036,169.55,164.9885
2021-08-04,167.736,43678900,168.9675,169.444,167.278
2021-08-05,168.7995,48670060,167.811,169.45,167.046
2021-08-06,167.247,52752880,168.75,168.75,166.4519
2021-08-09,167.0935,42964400,167.1805,167.744,166.426
2021-08-10,166.034,48251020,167.2505,167.9,165.75
2021-08-11,164.6055,58944980,166.5724,166.885,163.8895
2021-08-12,165.175,46476460,164.5,165.7255,163.4835
2021-08-13,164.6985,41133980,165.2835,165.3033,164.15
2021-08-16,164.9495,66569880,164.15,165.0,160.5565
2021-08-17,162.098,67758440,163.875,164.0245,161.284
2021-08-18,160.061,56086220,162.0995,162.7049,160.0
2021-08-19,159.3875,75657240,159.701,161.65,159.1232
2021-08-20,159.9975,67168560,160.1937,160.3905,158.788
2021-08-23,163.2935,65362620,160.595,164.045,160.5003
2021-08-24,165.289,51036820,164.0,165.7747,163.729
2021-08-25,164.959,33606120,165.4935,166.05,164.3075
2021-08-26,165.8,41975220,164.95,166.6,164.8
2021-08-27,167.4815,48047380,166.6615,167.616,165.6875
2021-08-30,171.0785,63844880,167.8713,172.25,167.761
2021-08-31,173.5395,87128260,171.24,173.629,169.7795
2021-09-01,173.95,72598220,174.8198,176.35,173.762
2021-09-02,173.156,58511880,174.738,175.598,172.75
2021-09-03,173.9025,51566480,172.6,174.1335,171.822
2021-09-07,175.4645,54823680,173.9,176.4045,173.847
2021-09-08,176.275,61067280,175.5825,177.2815,174.7835
2021-09-09,174.208,54384820,176.301,177.4995,174.0185
2021-09-10,173.4575,47945380,175.0915,175.4225,173.1453
2021-09-13,172.8585,51380440,174.14,174.898,171.9
2021-09-14,172.5,38737940,173.7775,174.3403,171.8855
2021-09-15,173.7895,59150740,172.126,174.271,170.1005
2021-09-16,174.412,51671960,172.998,174.6275,172.3072
2021-09-17,173.126,92331120,174.4208,174.8705,172.6065
2021-09-20,167.7865,93382600,169.8,170.95,165.2505
2021-09-21,167.1815,55617560,168.75,168.985,166.6195
2021-09-22,169.0025,48228060,167.55,169.45,167.0525
2021-09-23,170.8,47588280,169.0025,171.448,169.0025
2021-09-24,171.276,42324820,170.1005,171.463,169.67
2021-09-27,170.29,72689000,168.575,170.7785,166.9805
2021-09-28,165.798,88616380,167.8855,168.4595,164.505
2021-09-29,165.056,51245360,166.1055,167.565,164.8935
2021-09-30,164.252,56940660,165.8,166.3925,163.6995
2021-10-01,164.163,56712340,164.4505,165.4587,162.797
2021-10-04,159.489,90461140,163.9695,163.9995,158.8125
2021-10-05,161.05,65384160,160.225,163.0365,160.1232
2021-10-06,163.1005,50659540,160.6765,163.217,159.931
2021-10-07,165.1215,48181500,164.577,166.2873,164.153
2021-10-08,164.431,39964340,165.85,166.0715,164.41
2021-10-11,162.315,40684060,163.75,164.6295,161.905
2021-10-12,162.3665,36391420,162.85,163.3764,161.814
2021-10-13,164.214,48501720,163.4855,164.419,163.0544
2021-10-14,164.993,42240400,165.1227,165.63,164.539
2021-10-15,170.451,103598820,165.571,170.521,165.2
2021-10-18,172.337,63482300,169.4179,172.4585,169.255
2021-10-19,172.2075,47721580,171.7145,172.7345,171.1
2021-10-20,170.753,42795540,172.633,173.143,170.0185
2021-10-21,171.7505,37627700,170.7125,172.014,170.15
2021-10-22,166.7775,62781060,171.05,171.492,166.565
2021-10-25,166.0185,44519120,166.75,167.39,164.885
2021-10-26,168.8035,53966840,167.4755,170.806,167.199
2021-10-27,169.6245,54044480,169.4,171.85,168.5727
2021-10-28,172.3285,114174660,170.1048,173.95,169.3
2021-10-29,168.6215,129721540,165.001,168.741,163.666
2021-11-01,165.9055,72177580,168.09,168.793,164.601
2021-11-02,165.6375,52551800,165.7505,166.5557,164.1775
2021-11-03,169.2,67943780,165.45,169.746,164.876
2021-11-04,173.85,107060400,168.5,174.9313,168.25
2021-11-05,175.9495,99939020,173.85,178.3125,173.849
2021-11-08,174.449,61479840,176.162,178.95,174.393
2021-11-09,178.8115,85898440,175.7625,179.6885,175.0713
2021-11-10,174.1025,80548440,178.1935,180.2725,173.1545
2021-11-11,173.625,45288120,175.65,177.162,173.3735
2021-11-12,176.2575,53788680,174.25,177.0363,172.3525
2021-11-15,177.284,58594380,176.85,179.694,176.2905
2021-11-16,177.035,44341420,176.95,178.825,176.2573
2021-11-17,177.45,51205400,178.236,179.3623,177.2675
2021-11-18,184.803,114070760,178.3175,185.21,178.05
2021-11-19,183.8285,98924060,185.6345,188.1073,183.786
2021-11-22,178.6285,96957000,183.8189,185.6728,178.375
2021-11-23,179.002,73844920,179.252,181.0525,176.3855
2021-11-24,179.0205,46560360,178.1335,180.682,176.8425
2021-11-26,175.228,59825940,180.1048,181.675,175.2075
2021-11-29,178.0785,65311140,177.3822,179.8,176.575
2021-11-30,175.3535,80022140,178.175,179.2885,174.6005
2021-12-01,172.186,75139900,177.25,177.994,172.08
2021-12-02,171.868,64725760,173.0,174.635,171.1875
2021-12-03,169.4895,80711000,172.75,173.4932,166.93
2021-12-06,171.3685,68860000,169.65,173.6955,166.9345
2021-12-07,176.1645,66410720,174.6,177.4995,173.3345
2021-12-08,176.158,45253660,176.1505,177.18,174.7505
2021-12-09,174.171,46061820,175.75,176.9695,174.1395
2021-12-10,172.212,60689760,175.417,175.927,170.5
2021-12-13,169.5675,62169000,172.0,172.1,169.13
2021-12-14,169.0915,55975280,167.55,169.499,166.44
2021-12-15,173.315,75794260,168.598,173.6,165.195
2021-12-16,168.871,60876840,173.3686,174.166,168.1603
2021-12-17,170.0175,85755160,167.7105,170.8985,165.6136
2021-12-20,167.079,57372660,166.85,167.8743,165.6
2021-12-21,170.417,55955820,167.8505,170.7165,165.6475
2021-12-22,171.037,55035460,169.2698,172.05,168.5005
2021-12-23,171.0685,36788240,170.428,171.975,170.15
2021-12-27,169.6695,58846820,171.037,172.943,169.2155
2021-12-28,170.661,54711860,170.1825,172.1759,169.1355
2021-12-29,169.201,35754040,170.84,171.212,168.6005
2021-12-30,168.6445,37583100,169.7,170.888,168.524
2021-12-31,166.717,47830380,168.956,169.35,166.5585
2022-01-03,170.4045,63869140,167.55,170.7035,166.1605
2022-01-04,167.522,70725160,170.438,171.4,166.3495
2022-01-05,164.357,64302720,166.883,167.1263,164.357
2022-01-06,163.254,51957780,163.4505,164.8,161.9372
2022-01-07,162.554,46605900,163.839,165.2432,162.031
2022-01-10,161.486,87798300,160.5855,161.6615,156.3045
2022-01-11,165.362,62805580,161.5,166.35,160.7015
2022-01-12,165.207,50029120,166.575,166.878,164.417
2022-01-13,161.214,52188300,165.2505,166.2215,161.091
2022-01-14,162.138,45974860,160.15,162.25,159.8005
2022-01-18,158.9175,67441440,159.105,159.7345,157.6645
2022-01-19,156.299,53241920,158.762,159.25,156.25
2022-01-20,151.6675,71973320,156.766,158.0,151.351
2022-01-21,142.643,163971440,149.95,150.9,142.0704
2022-01-24,144.544,156044740,139.0,144.945,135.352
2022-01-25,139.986,90824660,142.2425,143.6,138.145
2022-01-26,138.8725,95601700,144.75,145.1848,137.3185
2022-01-27,139.6375,77515800,140.8,144.2435,139.35
2022-01-28,143.978,74391980,140.8605,143.998,137.9293
2022-01-31,149.5735,78307440,144.75,150.3605,144.3005
2022-02-01,151.1935,59219840,150.0,151.708,147.6277
2022-02-02,150.6125,87329760,155.0504,155.075,148.8636
2022-02-03,138.8455,225531400,141.7375,144.2475,138.333
2022-02-04,157.6395,253455800,155.6065,161.2,150.608
2022-02-07,157.9355,102624380,158.52,162.6908,157.25
2022-02-08,161.4135,76040360,156.7505,161.7925,155.5505
2022-02-09,161.1895,68785600,162.8735,163.8345,160.25
2022-02-10,159.0035,68268120,158.35,160.7165,157.75
2022-02-11,153.2935,77100440,158.1345,159.0,152.7338
2022-02-14,155.167,83230700,151.751,158.4483,151.65
2022-02-15,156.5105,56970660,157.6055,158.007,154.6375
2022-02-16,158.1005,52704280,155.7905,158.834,154.7345
2022-02-17,154.6525,64032500,158.146,160.3488,154.5
2022-02-18,152.6015,63604100,155.4995,155.4995,150.893
2022-02-22,150.1975,66128240,150.4785,152.9825,148.4855
2022-02-23,144.827,64243560,151.6505,151.763,144.651
2022-02-24,151.358,100785760,139.8375,151.749,139.5
2022-02-25,153.7885,62395360,150.55,153.99,149.2135
2022-02-28,153.563,57683420,152.425,154.45,150.85
2022-03-01,151.142,44873580,152.7325,154.099,149.977
2022-03-02,152.0525,47334720,150.849,152.9995,148.75
2022-03-03,147.8985,65197200,153.5315,153.929,146.856
2022-03-04,145.641,60983120,147.159,147.85,143.807
2022-03-07,137.453,86933860,145.4435,146.0945,137.4165
2022-03-08,136.0145,91662580,136.6835,140.6995,133.5725
2022-03-09,139.279,82656660,139.5,140.25,136.828
2022-03-10,146.8175,135062900,145.685,148.6743,143.978
2022-03-11,145.5245,68900560,149.5745,149.675,145.369
2022-03-14,141.853,74086100,145.981,147.45,140.884
2022-03-15,147.3665,75584600,142.85,147.985,142.0
2022-03-16,153.104,84957680,148.5,153.15,147.3535
2022-03-17,157.239,72934840,152.6405,157.4985,152.14
2022-03-18,161.2505,102962760,156.813,161.594,156.011
2022-03-21,161.4915,66537520,161.1208,163.084,159.553
2022-03-22,164.889,64086120,161.8055,166.167,161.699
2022-03-23,163.408,55811860,163.705,166.37,162.687
2022-03-24,163.6495,56798060,163.7495,164.1185,160.05
2022-03-25,164.7735,49085500,164.0,165.3685,162.25
2022-03-28,168.9905,59853820,164.975,169.0375,164.9
2022-03-29,169.315,66153600,170.384,170.8315,167.8685
2022-03-30,166.301,56167260,168.5095,168.9505,165.5
2022-03-31,162.9975,59965780,166.4448,166.495,162.9535
2022-04-01,163.56,57089500,164.1495,165.827,162.3195
2022-04-04,168.3465,50007960,164.125,168.3945,163.2055
2022-04-05,164.055,53728560,167.7415,168.1105,163.266
2022-04-06,158.756,79055760,161.6505,162.2,157.2545
2022-04-07,157.7845,68136780,158.4,160.079,154.5115
2022-04-08,154.4605,46001660,156.75,157.3685,154.2308
2022-04-11,151.122,52112340,152.713,154.1365,150.5345
2022-04-12,150.7875,55177440,153.6925,155.099,150.383
2022-04-13,155.541,53390880,150.0185,156.025,149.6
2022-04-14,151.7065,51598140,155.39,155.897,151.4718
2022-04-18,152.785,46513520,151.5235,154.0395,150.2505
2022-04-19,158.1155,54926420,152.0295,158.649,151.5505
2022-04-20,153.998,59630020,157.6025,157.6025,153.6035
2022-04-21,148.296,63969320,154.714,156.738,147.5895
2022-04-22,144.35,73078580,148.25,149.615,143.6975
2022-04-25,146.074,61874980,144.023,146.2215,142.3065
2022-04-26,139.391,77529160,144.8,144.8558,138.9295
2022-04-27,138.167,71336300,140.1915,141.9485,135.7835
2022-04-28,144.5965,117316940,142.178,145.9375,140.3
2022-04-29,124.2815,272661800,129.849,130.761,121.625
2022-05-02,124.5,148788980,122.401,124.6683,118.375
2022-05-03,124.2535,79133360,124.0535,126.2205,122.825
2022-05-04,125.9285,110745360,123.6,126.0,119.183
2022-05-05,116.407,144391220,123.0,123.499,115.0725
2022-05-06,114.7725,124259900,114.85,119.0505,113.0813
2022-05-09,108.789,128124380,111.3125,114.0,107.957
2022-05-10,108.859,105433820,111.25,112.6425,107.171
2022-05-11,105.372,109703640,108.1035,110.156,104.4285
2022-05-12,106.9305,132025140,102.75,110.7808,102.4055
2022-05-13,113.055,93684560,109.069,113.184,107.8
2022-05-16,110.8105,74565740,113.1,113.9925,110.3541
2022-05-17,115.3685,76447740,113.275,115.8,111.2765
2022-05-18,107.1125,108379180,111.4395,112.853,106.2488
2022-05-19,107.319,88142540,106.2805,110.034,106.1929
2022-05-20,107.591,99500640,109.5685,109.898,105.0093
2022-05-23,107.557,107797360,108.461,108.8188,103.95
2022-05-24,104.1,102934680,104.025,105.4,101.26
2022-05-25,106.775,93120100,103.6555,108.175,103.65
2022-05-26,111.0775,93002600,107.97,112.6655,107.4535
2022-05-27,115.1465,93660160,113.55,115.187,112.628
2022-05-31,120.2095,144634160,116.28,121.9945,115.675
2022-06-01,121.684,127528980,122.256,125.179,120.6223
2022-06-02,125.511,100560680,121.684,125.61,120.045
2022-06-03,122.35,97603320,124.2,124.4,121.0465
2022-06-06,124.79,135269000,125.245,128.99,123.81
2022-06-07,123.0,85156710,122.005,124.1,120.63
2022-06-08,121.18,64926590,122.61,123.75,120.75
2022-06-09,116.15,67029840,119.99,121.3,116.1
2022-06-10,109.65,87412250,113.415,114.5,109.05
2022-06-13,103.67,99277740,104.19,106.54,101.86
2022-06-14,102.31,69728760,104.19,104.88,101.43
2022-06-15,107.67,85011060,103.86,109.06,103.53
2022-06-16,103.66,82186300,104.47,104.58,102.01
2022-06-17,106.22,99772150,102.8,106.98,102.51
2022-06-21,108.68,70901250,108.2,111.6299,103.56
2022-06-22,108.95,60040130,107.43,112.13,107.02
2022-06-23,112.44,64345300,110.39,113.0,107.93
2022-06-24,116.46,69867620,112.38,116.71,111.43
2022-06-27,113.22,62133240,117.09,117.98,112.7
2022-06-28,107.4,75172030,113.5,114.85,107.04
2022-06-29,108.92,66375340,107.38,110.99,106.91
2022-06-30,106.21,97679400,108.11,108.18,102.52
2022-07-01,109.56,73021170,106.29,109.75,105.8469
2022-07-05,113.5,76684410,107.6,114.08,106.3242
2022-07-06,114.33,66958880,113.21,115.48,112.01
2022-07-07,116.33,57872320,113.85,116.99,113.49
2022-07-08,115.54,45719690,114.6,116.58,113.69
2022-07-11,111.75,53540020,114.08,114.3,110.87
2022-07-12,109.22,54280260,112.16,113.23,108.34
2022-07-13,110.4,61353810,107.03,111.78,106.01
2022-07-14,110.63,51163140,110.24,111.18,107.58
2022-07-15,113.55,84317820,112.5,115.59,111.59
2022-07-18,113.76,59115420,115.0,117.24,113.15
2022-07-19,118.21,60990040,115.7,118.95,114.03
2022-07-20,122.77,71268320,118.615,123.475,118.32
2022-07-21,124.63,60239890,123.2,124.85,121.26
2022-07-22,122.42,51463800,125.01,125.5,121.3504
2022-07-25,121.14,50221260,122.695,123.64,120.03
2022-07-26,114.81,67075060,115.79,118.15,114.53
2022-07-27,120.97,61582020,117.31,121.9,117.16
2022-07-28,122.28,82245540,121.57,122.84,118.08
2022-07-29,134.95,148892900,134.9,137.65,132.41
2022-08-01,135.39,76846910,134.96,138.8339,133.51
2022-08-02,134.16,61922430,134.72,137.44,134.09
2022-08-03,139.52,71827780,136.21,140.49,136.05
2022-08-04,142.57,70585020,140.58,143.56,139.55
2022-08-05,140.8,50686870,140.1,142.86,139.6
2022-08-08,139.41,52303480,142.05,144.23,138.29
2022-08-09,137.83,40434720,138.052,138.9523,136.21
2022-08-10,142.69,54773820,142.9,144.6,141.01
2022-08-11,140.64,44867340,143.86,144.49,139.76
2022-08-12,143.55,47643480,142.05,143.57,140.1201
2022-08-15,143.18,39014580,142.8,143.76,141.49
2022-08-16,144.78,59102860,143.905,146.57,142.0
2022-08-17,142.1,48149780,142.69,143.38,140.78
2022-08-18,142.3,37458740,141.32,142.77,140.38
2022-08-19,138.23,47792840,140.47,141.11,137.9142
2022-08-22,133.22,50461500,135.72,136.32,132.85
2022-08-23,133.62,36252100,133.41,134.99,132.95
2022-08-24,133.8,38626980,132.75,135.47,132.1
2022-08-25,137.28,37496280,135.26,137.42,134.28
2022-08-26,130.75,53322660,136.55,137.83,130.5
2022-08-29,129.79,48101640,129.9,131.9499,128.77
2022-08-30,128.73,49202990,131.25,132.0745,126.85
2022-08-31,126.77,53648700,129.45,130.59,126.74
2022-09-01,127.82,56636150,126.0,128.02,123.66
2022-09-02,127.51,57429830,129.5,131.38,126.39
2022-09-06,126.11,43888590,127.92,128.62,124.74
2022-09-07,129.48,47834490,126.12,129.82,125.4
2022-09-08,129.82,43988510,127.72,130.28,127.1
2022-09-09,133.27,49422260,130.91,133.69,130.76
2022-09-12,136.45,53826860,134.095,136.49,134.0
2022-09-13,126.82,72694010,131.01,131.4,126.27
2022-09-14,128.55,45316770,127.364,128.84,126.33
2022-09-15,126.28,52887200,127.38,130.37,125.495
2022-09-16,123.53,115667800,122.78,123.87,120.7
2022-09-19,124.66,47279730,122.16,124.71,121.8
2022-09-20,122.19,47698430,123.35,124.3963,121.14
2022-09-21,118.54,58498890,122.49,123.76,118.45
2022-09-22,117.31,55229190,117.08,118.79,116.26
2022-09-23,113.78,65126670,116.0,116.05,112.06
2022-09-26,115.15,62723270,113.295,117.34,113.13
2022-09-27,114.41,60094690,117.195,118.32,113.05
2022-09-28,118.01,55763750,114.38,118.7,113.8
2022-09-29,114.8,58969710,115.6,116.07,113.06
2022-09-30,113.0,59479590,114.075,116.92,112.84
2022-10-03,115.88,50941850,113.58,116.91,112.45
2022-10-04,121.09,62812560,119.89,123.0,119.79
2022-10-05,120.95,48217540,118.58,121.75,117.69
2022-10-06,120.3,42253760,120.77,121.53,119.5
2022-10-07,114.56,54677980,118.0,118.17,113.88
2022-10-10,113.67,42339680,115.1,116.25,112.43
2022-10-11,112.21,56432230,112.71,115.48,110.39
2022-10-12,112.9,45728660,112.49,113.83,111.4
2022-10-13,112.53,86868100,107.88,113.44,105.345
2022-10-14,106.9,67737340,114.1,114.96,106.6
2022-10-17,113.79,62781990,110.11,114.19,110.09
2022-10-18,116.36,65607450,119.06,119.52,114.79
2022-10-19,115.07,47198120,114.71,116.5932,113.22
2022-10-20,115.25,48795100,113.83,118.24,113.51
2022-10-21,119.32,55660490,114.792,119.59,114.5
2022-10-24,119.82,49531520,119.98,120.39,116.57
2022-10-25,120.6,50934610,119.65,121.3152,118.95
2022-10-26,115.66,69002460,116.0,119.3457,114.76
2022-10-27,110.96,129605400,113.92,114.12,109.77
2022-10-28,103.41,223133400,97.905,103.96,97.66
2022-10-31,102.44,99251400,103.56,104.87,100.74
2022-11-01,96.79,153370000,103.99,104.58,96.06
2022-11-02,92.12,135761800,97.315,97.74,92.01
2022-11-03,89.3,136683300,92.47,93.5,89.02
2022-11-04,90.98,129101300,91.49,92.44,88.04
2022-11-07,90.53,77495730,91.95,92.1,89.04
2022-11-08,89.98,88703370,90.79,91.72,88.23
2022-11-09,86.14,90796250,89.47,89.48,85.87
2022-11-10,96.63,173414900,92.935,98.69,91.65
2022-11-11,100.79,111590500,97.88,101.19,96.66
2022-11-14,98.49,99533070,98.77,100.1199,97.29
2022-11-15,98.94,111336300,103.21,103.79,97.34
2022-11-16,97.12,87958830,96.85,98.4879,95.54
2022-11-17,94.85,82617870,95.37,96.97,94.03
2022-11-18,94.14,72428190,95.95,95.99,92.48
2022-11-21,92.46,84330270,93.97,95.02,90.59
2022-11-22,93.2,62191960,92.62,93.35,90.87
2022-11-23,94.13,59414680,93.24,94.58,92.83
2022-11-25,93.41,35088610,93.79,94.43,93.065
2022-11-28,93.95,75062320,93.93,96.4,93.43
2022-11-29,92.42,65567290,94.04,94.41,91.44
2022-11-30,96.54,102805800,92.47,96.54,91.525
2022-12-01,95.5,68487970,96.99,97.23,94.92
2022-12-02,94.13,72496390,94.475,95.36,93.78
2022-12-05,91.01,71535530,93.05,94.06,90.82
2022-12-06,88.25,75503630,90.5,91.04,87.9
2022-12-07,88.46,68086880,88.34,89.89,87.48
2022-12-08,90.35,73305890,89.24,90.86,87.88
2022-12-09,89.09,67398510,88.9,90.3,88.63
2022-12-12,90.55,61999760,89.21,90.58,87.87
2022-12-13,92.49,100212000,95.23,96.25,90.52
2022-12-14,91.58,70298010,92.502,93.4581,89.87
2022-12-15,88.45,84802880,89.89,89.97,87.47
2022-12-16,87.86,146144100,88.265,89.35,86.73
2022-12-19,84.92,83531460,87.51,87.63,84.51
2022-12-20,85.19,74348300,85.33,86.61,84.33
2022-12-21,86.77,59267160,86.175,87.225,85.21
2022-12-22,83.79,81431310,85.52,85.68,82.25
2022-12-23,85.25,57433660,83.25,85.78,82.9344
2022-12-27,83.04,57284040,84.97,85.35,83.0
2022-12-28,81.82,58228580,82.8,83.48,81.69
2022-12-29,84.18,54995900,82.87,84.55,82.55
2022-12-30,84.0,62401190,83.12,84.05,82.47
2023-01-03,85.82,76706040,85.46,86.96,84.205
2023-01-04,85.14,68885120,86.55,86.98,83.36
2023-01-05,83.12,67930830,85.33,85.42,83.07
2023-01-06,86.08,83303360,83.03,86.4,81.43
2023-01-09,87.36,65266060,87.46,89.48,87.08
2023-01-10,89.87,67756600,87.57,90.185,87.29
2023-01-11,95.09,103126200,90.93,95.26,90.93
2023-01-12,95.27,85254780,96.93,97.19,93.5
2023-01-13,98.12,85549430,94.18,98.37,94.12
2023-01-17,96.05,72755000,98.68,98.89,95.73
2023-01-18,95.46,79570370,97.25,99.32,95.38
2023-01-19,93.68,69002660,94.74,95.44,92.86
2023-01-20,97.25,67481540,93.86,97.354,93.2025
2023-01-23,97.52,76501100,97.56,97.78,95.86
2023-01-24,96.32,66929450,96.93,98.09,96.0
2023-01-25,97.18,94261570,92.56,97.24,91.52
2023-01-26,99.22,68523560,98.235,99.49,96.92
2023-01-27,102.24,87775610,99.53,103.485,99.53
2023-01-30,100.55,70691860,101.09,101.74,99.01
2023-01-31,103.13,66527250,101.155,103.3484,101.14
2023-02-01,105.15,80450120,102.53,106.24,101.24
2023-02-02,112.91,158154200,110.245,114.0,108.88
2023-02-03,103.39,144374800,105.26,108.78,102.52
2023-02-06,102.18,81945200,102.925,103.9484,100.65
2023-02-07,102.11,119501300,101.17,102.41,98.08
2023-02-08,100.05,75878300,102.04,102.6699,98.775
2023-02-09,98.24,64622490,101.32,101.78,97.57
2023-02-10,97.61,52740130,97.56,98.8163,96.23
2023-02-13,99.54,52841460,97.85,99.68,96.91
2023-02-14,99.7,56202900,98.41,100.9207,97.52
2023-02-15,101.16,48053880,99.09,101.17,98.45
2023-02-16,98.15,56339170,99.21,100.63,98.1
2023-02-17,97.2,60029410,97.8,97.94,95.65
2023-02-21,94.58,56580360,95.335,95.605,94.27
2023-02-22,95.79,59534090,95.1,97.01,94.8
2023-02-23,95.82,48466990,96.12,96.43,93.67
2023-02-24,93.5,57053810,93.53,94.14,92.3186
2023-02-27,93.76,47470320,94.28,94.78,93.14
2023-02-28,94.23,43959290,93.14,94.69,92.92
2023-03-01,92.17,52299520,93.87,94.68,91.59
2023-03-02,92.13,55574820,91.41,92.23,90.39
2023-03-03,94.9,55759610,92.74,94.94,92.66
2023-03-06,93.75,52112360,95.19,96.545,93.74
2023-03-07,93.55,49100670,94.06,95.09,92.78
2023-03-08,93.92,44899130,93.6,94.165,92.18
2023-03-09,92.25,56218710,93.68,96.21,92.18
2023-03-10,90.73,69827490,92.67,93.57,90.245
2023-03-13,92.43,72397050,89.97,94.02,88.12
2023-03-14,94.88,60912670,93.83,95.07,92.71
2023-03-15,96.2,70731790,93.22,96.67,93.07
2023-03-16,100.04,84558930,95.75,100.99,95.61
2023-03-17,98.95,87300240,99.79,100.66,97.455
2023-03-20,97.71,62388910,98.41,98.48,95.7
2023-03-21,100.61,58597280,98.14,100.845,98.0
2023-03-22,98.7,57475370,100.45,102.1,98.61
2023-03-23,98.71,57559310,100.43,101.06,97.62
2023-03-24,98.13,56144800,98.065,98.3,96.4
2023-03-27,98.04,46721300,99.07,99.34,97.08
2023-03-28,97.24,38720050,98.11,98.44,96.29
2023-03-29,100.25,49783280,98.69,100.4218,98.56
2023-03-30,102.0,53633400,101.55,103.04,101.01
2023-03-31,103.29,56750320,102.16,103.49,101.95
2023-04-03,102.41,41135730,102.3,103.29,101.43
2023-04-04,103.95,48662500,102.75,104.2,102.11
2023-04-05,101.1,45175390,103.91,103.91,100.7506
2023-04-06,102.06,43808020,100.75,102.3817,99.8008
2023-04-10,102.17,37261190,100.96,102.2,99.57
2023-04-11,99.92,60417850,100.8,101.0,99.01
2023-04-12,97.83,56735010,100.4,100.51,97.705
2023-04-13,102.4,67925140,98.95,102.57,98.71
2023-04-14,102.51,51450520,102.07,103.2013,101.11
2023-04-17,102.74,39919460,103.16,103.73,101.59
2023-04-18,102.3,39790520,103.95,104.2,101.52
2023-04-19,104.3,58398890,101.58,105.12,101.39
2023-04-20,103.81,57696870,103.53,105.25,103.21
2023-04-21,106.96,86774190,106.1,108.15,105.08
2023-04-24,106.21,69575610,107.655,109.23,105.07
2023-04-25,102.57,65026820,104.91,105.45,102.45
2023-04-26,104.98,73803790,105.04,106.62,104.1
2023-04-27,109.82,149961200,108.16,110.86,106.8
2023-04-28,105.45,130715900,107.73,109.48,104.33
2023-05-01,102.05,74728100,104.95,105.23,101.82
2023-05-02,103.63,73469350,101.47,103.9,101.15
2023-05-03,103.65,65051930,103.735,105.96,103.28
2023-05-04,104.0,45345520,104.04,105.39,103.3117
2023-05-05,105.655,56951740,104.27,105.76,103.55
2023-05-08,105.83,49430910,105.04,106.095,104.7001
2023-05-09,106.62,44089360,105.48,106.79,105.1567
2023-05-10,110.19,78627620,108.1,110.67,108.05
2023-05-11,112.18,74924840,111.03,113.28,110.49
2023-05-12,110.26,49852670,112.16,112.64,109.3185
2023-05-15,111.2,53011150,111.15,112.29,109.25
2023-05-16,113.4,71472910,111.05,114.7899,111.05
2023-05-17,115.5,65655180,114.89,115.83,114.22
2023-05-18,118.15,73174090,116.69,118.6,116.335
2023-05-19,116.25,55056310,118.16,118.31,115.7
2023-05-22,115.01,70741120,116.77,116.77,114.25
2023-05-23,114.99,67576260,114.27,117.14,113.78
2023-05-24,116.75,63487940,115.35,117.34,115.02
2023-05-25,115.0,66496680,116.63,116.87,114.31
2023-05-26,120.11,96779890,116.04,121.5,116.02
2023-05-30,121.66,64314810,122.37,122.92,119.855
2023-05-31,120.58,72800790,121.45,122.04,119.17
2023-06-01,122.77,54375130,120.69,123.49,119.93
2023-06-02,124.25,61264410,124.92,126.39,124.015
2023-06-05,125.3,47950130,123.36,125.8,123.03
2023-06-06,126.61,45695210,125.07,127.4,125.0
2023-06-07,121.23,95663280,127.01,127.365,120.63
2023-06-08,124.25,62159270,123.01,125.625,122.2579
2023-06-09,123.43,51396020,124.08,125.8,123.19
2023-06-12,126.57,51473380,124.02,126.78,123.53
2023-06-13,126.66,50564790,128.12,128.41,125.18
2023-06-14,126.42,52422460,126.7,126.95,124.12
2023-06-15,127.11,60458470,125.21,127.69,124.32
2023-06-16,125.49,84247100,127.71,127.9,125.3
2023-06-20,125.78,56930120,124.97,127.25,124.5
2023-06-21,124.83,52137670,125.64,126.73,123.85
2023-06-22,130.15,90354570,125.31,130.33,125.14
2023-06-23,129.33,71927780,129.11,130.84,128.28
2023-06-26,127.33,59989320,129.33,131.49,127.1
2023-06-27,129.18,46801010,128.63,130.085,127.55
2023-06-28,129.04,52149510,128.94,131.48,128.44
2023-06-29,127.9,40760960,128.77,129.26,127.255
2023-06-30,130.36,54350680,129.47,131.245,128.95
2023-07-03,130.22,27939570,130.82,131.85,130.065
2023-07-05,130.38,35895410,130.24,131.4,129.64
2023-07-06,128.36,40697850,128.25,128.73,127.37
2023-07-07,129.78,41992250,128.59,130.97,128.1294
2023-07-10,127.13,61889290,129.07,129.28,125.915
2023-07-11,128.78,49951460,127.75,129.77,127.35
2023-07-12,130.8,54022850,130.31,131.26,128.83
2023-07-13,134.3,61170880,134.04,134.67,132.71
2023-07-14,134.68,54487090,134.06,136.65,134.06
2023-07-17,133.56,48450200,134.56,135.62,133.21
2023-07-18,132.83,54969130,132.71,133.86,131.355
2023-07-19,135.36,54531040,133.39,135.99,132.53
2023-07-20,129.96,59820580,134.07,134.7915,129.33
2023-07-21,130.0,133307300,131.34,131.37,128.415
2023-07-24,128.8,45671540,130.305,131.66,128.35
2023-07-25,129.13,39236660,129.31,129.58,128.53
2023-07-26,128.15,53910090,126.51,129.08,126.11
2023-07-27,128.25,52610660,131.0,132.63,127.79
2023-07-28,132.21,46317380,129.69,133.01,129.33
2023-07-31,133.68,41901520,133.2,133.87,132.38
2023-08-01,131.69,42298930,133.55,133.69,131.6199
2023-08-02,128.21,51027610,130.154,130.23,126.82
2023-08-03,128.91,91163740,127.48,129.84,126.41
2023-08-04,139.57,153128500,141.06,143.63,139.32
2023-08-07,142.22,71213110,140.99,142.54,138.95
2023-08-08,139.94,51710500,140.62,140.84,138.42
2023-08-09,137.85,50017350,139.97,140.32,137.1
2023-08-10,138.56,58928400,139.075,140.41,137.49
2023-08-11,138.41,42905830,137.4,139.33,137.0
2023-08-14,140.57,47148700,138.3,140.59,137.75
2023-08-15,137.67,42781520,140.05,141.2778,137.23
2023-08-16,135.07,41675900,137.19,137.27,135.01
2023-08-17,133.98,48354090,135.46,136.085,133.53
2023-08-18,133.22,48497700,131.62,134.065,131.15
2023-08-21,134.68,41442480,133.74,135.185,132.71
2023-08-22,134.25,32935100,135.08,135.65,133.73
2023-08-23,135.52,42801040,134.5,135.95,133.22
2023-08-24,131.84,43646250,136.4,136.775,131.83
2023-08-25,133.26,44147450,132.47,133.87,130.58
2023-08-28,133.14,34108410,133.78,133.95,131.85
2023-08-29,134.91,38646090,133.38,135.14,133.25
2023-08-30,135.07,36137020,134.93,135.68,133.92
2023-08-31,138.01,58781310,135.06,138.7885,135.0
2023-09-01,138.12,40991540,139.455,139.96,136.875
2023-09-05,137.27,40636740,137.73,137.8,135.82
2023-09-06,135.36,41785510,136.32,137.45,134.61
2023-09-07,137.85,48498910,133.9,138.03,133.16
2023-09-08,138.23,38365930,136.86,138.8519,136.75
2023-09-11,143.1,56764530,138.75,143.62,138.64
2023-09-12,141.23,42668450,142.32,143.0,140.61
2023-09-13,144.85,60465180,140.95,144.98,140.865
2023-09-14,144.72,64033610,145.08,145.86,142.95
2023-09-15,140.39,102909300,142.69,143.57,140.09
2023-09-18,139.98,42823480,140.48,141.75,139.22
2023-09-19,137.63,61482470,138.7,138.84,135.56
2023-09-20,135.29,46263720,138.55,139.37,135.2
2023-09-21,129.33,70343340,131.94,132.24,129.31
2023-09-22,129.12,59904350,131.11,132.03,128.52
2023-09-25,131.27,46017830,129.36,131.78,128.77
2023-09-26,125.98,73048210,130.12,130.39,125.28
2023-09-27,125.98,66553450,125.76,127.48,124.13
2023-09-28,125.98,54554970,124.04,126.5801,123.04
2023-09-29,127.12,62411730,128.2,129.15,126.32
2023-10-02,129.46,48029740,127.28,130.47,126.54
2023-10-03,124.72,51564990,128.06,128.52,124.2544
2023-10-04,127.0,44203870,126.06,127.36,125.68
2023-10-05,125.96,39660640,126.71,126.73,124.33
2023-10-06,127.96,46836700,124.16,128.45,124.13
2023-10-09,128.26,38773740,126.22,128.79,124.76
2023-10-10,129.48,42178620,128.82,130.74,128.05
2023-10-11,131.83,40741840,129.74,132.05,129.61
2023-10-12,132.33,55528580,132.17,134.48,131.23
2023-10-13,129.79,45824690,132.98,133.3145,128.95
2023-10-16,132.55,42832920,130.69,133.07,130.425
2023-10-17,131.47,49344550,130.39,132.58,128.71
2023-10-18,128.13,42699480,129.9,130.6699,127.51
2023-10-19,128.4,60961360,130.565,132.24,127.47
2023-10-20,125.17,56406410,128.05,128.17,124.97
2023-10-23,126.56,48259950,124.63,127.88,123.98
2023-10-24,128.56,46477360,127.74,128.8,126.34
2023-10-25,121.39,74577540,126.04,126.34,120.79
2023-10-26,119.57,100419500,120.63,121.6393,118.35
2023-10-27,127.74,125309300,126.2,130.02,125.52
2023-10-30,132.71,72485540,129.72,133.0,128.56
2023-10-31,133.09,51589380,132.75,133.57,131.71
2023-11-01,137.0,61529410,133.96,137.35,133.71
2023-11-02,138.07,52236690,138.73,138.81,136.47
2023-11-03,138.6,44059810,138.99,139.49,137.45
2023-11-06,139.74,44970420,138.76,140.73,138.36
2023-11-07,142.71,53553540,140.55,143.37,140.5
2023-11-08,142.08,44521660,142.97,143.12,141.2183
2023-11-09,140.6,36235370,142.02,142.65,139.84
2023-11-10,143.56,49349940,140.46,143.65,139.91
2023-11-13,142.59,35680570,142.08,143.23,140.67
2023-11-14,145.8,56674550,145.0,147.26,144.68
2023-11-15,143.2,63875720,147.06,147.29,142.59
2023-11-16,142.83,49653510,140.91,143.32,139.52
2023-11-17,145.18,49678440,142.66,145.23,142.545
2023-11-20,146.13,41978770,145.13,146.63,144.725
2023-11-21,143.9,71225990,143.91,144.05,141.5
2023-11-22,146.71,45700000,144.57,147.74,144.57
2023-11-24,146.74,22378380,146.7,147.2,145.32
2023-11-27,147.73,53762430,147.53,149.26,146.88
2023-11-28,147.03,42711680,146.98,147.5999,145.53
2023-11-29,146.32,40610910,147.85,148.54,145.97
2023-11-30,146.09,65814020,144.76,146.93,144.332
2023-12-01,147.03,39951830,146.0,147.245,145.55
2023-12-04,144.84,48294240,145.25,145.35,142.81
2023-12-05,146.88,46822410,143.55,148.57,143.13
2023-12-06,144.52,39678960,147.58,147.85,144.28
2023-12-07,146.88,52352830,146.15,147.92,145.34
2023-12-08,147.42,41905970,145.48,147.84,145.4
2023-12-11,145.89,50907290,145.66,146.19,143.64
2023-12-12,147.48,44944260,145.52,147.5,145.3
2023-12-13,148.84,52766200,148.12,149.46,146.82
2023-12-14,147.42,58400850,149.93,150.54,145.52
2023-12-15,149.97,110089300,148.38,150.57,147.88
2023-12-18,154.07,62512830,150.56,154.855,150.05
2023-12-19,153.79,43171290,154.4,155.12,152.69
2023-12-20,152.12,50322110,152.9,155.63,151.56
2023-12-21,153.84,36305730,153.3,153.97,152.1
2023-12-22,153.42,29514090,153.77,154.35,152.71
2023-12-26,153.41,25067220,153.56,153.975,153.03
2023-12-27,153.34,31434730,153.56,154.78,153.12
2023-12-28,153.38,27057000,153.72,154.08,152.95
2023-12-29,151.94,39823200,153.1,153.89,151.03
2024-01-02,149.93,47339420,151.54,152.38,148.39
2024-01-03,148.47,49425500,149.2,151.05,148.33
2024-01-04,144.57,56039810,145.59,147.38,144.05
2024-01-05,145.24,45153150,144.69,146.59,144.53
2024-01-08,149.1,46757050,146.74,149.4,146.15
2024-01-09,151.37,43812570,148.33,151.71,148.21
2024-01-10,153.73,44421830,152.06,154.42,151.881
2024-01-11,155.18,49072690,155.04,157.17,153.12
2024-01-12,154.62,40484160,155.39,156.2,154.01
2024-01-16,153.16,41384640,153.53,154.99,152.15
2024-01-17,151.71,34953360,151.49,152.15,149.91
2024-01-18,153.5,37850250,152.77,153.775,151.82
2024-01-19,155.34,51651630,153.83,155.76,152.74
2024-01-22,154.78,43687470,156.89,157.05,153.9
2024-01-23,156.02,37986040,154.85,156.21,153.93
2024-01-24,156.87,48547320,157.8,158.51,156.48
2024-01-25,157.75,43638590,156.95,158.505,154.5501
2024-01-26,159.12,51047350,158.42,160.72,157.91
2024-01-29,161.26,45270390,159.34,161.29,158.9
2024-01-30,159.0,45207430,160.7,161.73,158.49
2024-01-31,155.2,50284370,157.0,159.01,154.81
2024-02-01,159.28,76542420,155.87,159.76,155.62
2024-02-02,171.81,117218300,169.19,172.5,167.33
2024-02-05,170.31,55081300,170.2,170.55,167.7
2024-02-06,169.15,42505520,169.39,170.71,167.65
2024-02-07,170.53,47174060,169.48,170.88,168.94
2024-02-08,169.84,42316450,169.65,171.43,168.88
2024-02-09,174.45,56985990,170.9,175.0,170.5803
2024-02-12,172.34,51050440,174.8,175.39,171.54
2024-02-13,168.64,56345120,167.73,170.95,165.75
2024-02-14,170.98,42815540,169.21,171.21,168.28
2024-02-15,169.8,49855200,170.58,171.17,167.59
2024-02-16,169.51,48107740,168.74,170.42,167.17
2024-02-20,167.08,41980330,167.83,168.71,165.74
2024-02-21,168.59,44575620,168.94,170.23,167.14
2024-02-22,174.58,55392350,173.1,174.8,171.77
2024-02-23,174.99,59715240,174.28,175.75,173.7
2024-02-26,174.73,44368610,175.7,176.37,174.26
2024-02-27,173.54,31141730,174.075,174.62,172.86
2024-02-28,173.16,28180480,172.44,174.05,172.27
2024-02-29,176.76,53805360,173.01,177.22,172.85
2024-03-01,178.22,31981150,176.75,178.725,176.07
2024-03-04,177.58,37381520,177.53,180.14,177.49
2024-03-05,174.12,37228340,176.93,176.93,173.303
2024-03-06,173.51,32090930,175.54,176.46,173.26
2024-03-07,176.82,34063280,174.83,177.99,173.72
2024-03-08,175.35,37893240,176.44,178.785,174.33
2024-03-11,171.96,28484780,174.31,174.47,171.47
2024-03-12,175.39,36610600,173.5,176.76,171.98
2024-03-13,176.555,30772600,175.9,177.62,175.55
2024-03-14,178.75,43705840,177.69,179.53,176.465
2024-03-15,174.42,72147390,176.64,177.93,173.9
2024-03-18,174.48,31250690,175.8,176.69,174.28
2024-03-19,175.9,26880890,174.215,176.09,173.52
2024-03-20,178.15,29947150,176.14,178.53,174.64
2024-03-21,178.15,32824320,179.988,181.415,178.15
2024-03-22,178.87,27995380,177.752,179.255,176.75
2024-03-25,179.71,29815460,178.01,180.99,177.24
2024-03-26,178.3,29658980,180.15,180.45,177.95
2024-03-27,179.83,33272550,179.88,180.0,177.3099
2024-03-28,180.38,38051590,180.17,181.7,179.26
2024-04-01,180.97,29174520,180.79,183.0,179.95
2024-04-02,180.69,32611550,179.07,180.79,178.3762
2024-04-03,182.41,31046640,179.9,182.87,179.8
2024-04-04,180.0,41624260,184.0,185.1,180.0
2024-04-05,185.07,42373990,182.38,186.27,181.97
2024-04-08,185.19,39221280,186.9,187.29,184.81
2024-04-09,185.67,36546950,187.24,187.34,184.2
2024-04-10,185.95,35879150,182.765,186.2699,182.67
2024-04-11,189.05,40020740,186.74,189.77,185.51
2024-04-12,186.13,38608850,187.72,188.38,185.08
2024-04-15,183.62,48052400,187.425,188.69,183.0
2024-04-16,183.32,32891270,183.27,184.83,182.26
2024-04-17,181.28,31359670,184.31,184.57,179.82
2024-04-18,179.22,30723790,181.47,182.39,178.65
2024-04-19,174.63,56000730,178.74,179.0,173.44
2024-04-22,177.23,37924890,176.94,178.87,174.56
2024-04-23,179.54,37046520,178.08,179.93,175.975
2024-04-24,176.59,34185110,179.94,180.323,176.18
2024-04-25,173.67,49249390,169.68,173.92,166.32
2024-04-26,179.62,43919770,177.795,180.82,176.13
2024-04-29,180.96,54063940,182.75,183.53,179.39
2024-04-30,175.0,94639790,181.09,182.99,174.8
2024-05-01,179.0,94645150,181.635,185.15,176.56
2024-05-02,184.72,54303510,180.85,185.1,179.91
2024-05-03,186.21,39172000,186.99,187.87,185.42
2024-05-06,188.7,34725300,186.28,188.745,184.8
2024-05-07,188.76,34048900,188.92,189.94,187.305
2024-05-08,188.0,26136350,187.44,188.43,186.385
2024-05-09,189.5,43368380,188.88,191.7,187.44
2024-05-10,187.48,34141770,189.16,189.892,186.93
2024-05-13,186.57,24898610,188.0,188.31,185.36
2024-05-14,187.07,38698160,183.82,187.72,183.45
2024-05-15,185.99,75459930,185.97,186.7193,182.73
2024-05-16,183.63,38834450,185.6,187.31,183.46
2024-05-17,184.7,33175660,183.76,185.3,183.35
2024-05-20,183.54,30511770,184.34,186.665,183.28
2024-05-21,183.15,50839130,182.3,183.26,180.75
2024-05-22,183.13,28148780,183.88,185.22,181.9715
2024-05-23,181.05,33670170,183.66,184.76,180.08
2024-05-24,180.75,27471640,181.65,182.435,180.3
2024-05-28,182.15,29926960,179.93,182.24,179.49
2024-05-29,182.02,32009290,181.7,184.08,181.55
2024-05-30,179.32,29249230,181.31,181.34,178.355
2024-05-31,176.44,58903940,178.3,179.21,173.87
2024-06-03,178.34,30786640,177.7,178.7,175.92
2024-06-04,179.34,27198390,177.64,179.82,176.44
2024-06-05,181.28,32116390,180.1,181.5,178.75
2024-06-06,185.0,31371150,181.745,185.0,181.49
2024-06-07,184.3,28021470,184.9,186.2888,183.36
2024-06-10,187.06,34494500,184.07,187.23,183.79
2024-06-11,187.23,27265110,187.06,187.77,184.5373
2024-06-12,186.89,33984220,188.015,188.35,185.43
2024-06-13,183.83,39721550,186.09,187.67,182.666
2024-06-14,183.66,25456410,183.08,183.72,182.23
2024-06-17,184.06,35601910,182.52,185.0,181.22
2024-06-18,182.81,36659160,183.735,184.29,181.43
2024-06-20,186.1,44726780,182.91,186.51,182.72
2024-06-21,189.08,72931750,187.8,189.275,185.86
2024-06-24,185.57,50610380,189.33,191.0,185.33
2024-06-25,186.34,45898480,186.81,188.84,185.42
2024-06-26,193.61,65103890,186.92,194.8,186.26
2024-06-27,197.85,74397490,195.005,199.84,194.2
2024-06-28,193.25,76930190,197.73,198.85,192.5
2024-07-01,197.2,41192010,193.49,198.2957,192.82
2024-07-02,200.0,45600010,197.28,200.43,195.93
2024-07-03,197.59,31597930,199.94,200.029,196.7601
2024-07-05,200.0,39858890,198.65,200.55,198.17
2024-07-08,199.29,34767260,200.04,201.2,197.96
2024-07-09,199.34,32756740,199.4,200.57,199.045
2024-07-10,199.79,32883750,199.995,200.11,197.69
2024-07-11,195.05,44565040,200.09,200.2699,192.86
2024-07-12,194.49,30598530,194.8,196.47,193.8301
2024-07-15,192.72,40683230,194.56,196.19,190.83
2024-07-16,193.02,33994710,195.59,196.62,192.24
2024-07-17,187.93,48076140,191.35,191.58,185.99
2024-07-18,183.75,51043630,189.59,189.68,181.448
2024-07-19,183.13,43081830,181.14,184.93,180.11
2024-07-22,182.55,39931920,185.0,185.06,182.48
2024-07-23,186.41,47537670,184.1,189.39,183.56
2024-07-24,180.83,41532360,183.2,185.45,180.41
2024-07-25,179.85,44464160,182.91,183.8958,176.8
2024-07-26,182.5,29505960,180.39,183.19,180.24
2024-07-29,183.2,33270120,183.84,184.75,182.38
2024-07-30,181.71,39508570,184.72,185.86,179.38
2024-07-31,186.98,41667330,185.05,187.94,184.46
2024-08-01,184.07,70435640,189.285,190.6,181.87
2024-08-02,167.9,141448400,166.75,168.77,160.55
2024-08-05,161.02,83149440,154.21,162.96,151.61
2024-08-06,161.93,59950830,161.71,165.08,158.5404
2024-08-07,162.77,48408240,166.55,167.58,161.43
2024-08-08,165.8,44616210,165.165,166.6899,162.55
2024-08-09,166.94,36401050,166.4,168.55,165.85
2024-08-12,166.8,30072790,168.14,168.55,166.1101
2024-08-13,170.23,39237920,167.81,171.04,167.1
2024-08-14,170.1,28843800,172.11,172.28,168.86
2024-08-15,177.59,51698510,174.86,177.91,173.99
2024-08-16,177.06,31489180,177.04,178.34,176.2601
2024-08-19,178.22,31129810,177.64,178.3,176.16
2024-08-20,178.88,26255200,177.92,179.01,177.4308
2024-08-21,180.11,35599120,179.92,182.385,178.8937
2024-08-22,176.13,32047480,181.38,181.47,175.68
2024-08-23,177.04,29150090,177.34,178.9699,175.24
2024-08-26,175.5,22366240,176.7,177.4682,174.3
2024-08-27,173.12,29841980,174.15,174.89,172.25
2024-08-28,170.8,29045030,173.69,173.69,168.92
2024-08-29,172.12,26407820,173.22,174.29,170.81
2024-08-30,178.5,43429360,172.78,178.9,172.6
2024-09-03,176.25,37817510,177.55,178.26,175.26
2024-09-04,173.33,30309230,174.48,175.98,172.54
2024-09-05,177.89,40170530,175.0,179.875,174.995
2024-09-06,171.39,41466540,177.24,178.38,171.16
2024-09-09,175.4,29037360,174.53,175.85,173.51
2024-09-10,179.55,36233800,177.49,180.5,176.79
2024-09-11,184.52,42564700,180.095,184.99,175.73
2024-09-12,187.0,33622480,184.8,187.41,183.54
2024-09-13,186.49,26495350,187.0,188.5,185.91
2024-09-16,184.89,26065490,185.29,185.81,183.36
2024-09-17,186.88,26091680,186.85,189.45,186.14
2024-09-18,186.43,34448130,186.45,188.8,185.06
2024-09-19,189.87,39543170,190.04,190.99,188.47
2024-09-20,191.6,100378600,190.23,191.84,187.41
2024-09-23,193.88,36993110,191.64,194.45,190.57
2024-09-24,193.96,43478930,194.27,195.37,190.13
2024-09-25,192.53,26391140,193.75,193.9498,192.16
2024-09-26,191.16,36334850,194.31,194.53,189.54
2024-09-27,187.97,36002320,190.68,190.9,187.34
2024-09-30,186.33,41680400,187.14,188.49,184.65
2024-10-01,185.13,36044910,184.9,186.19,183.4519
2024-10-02,184.76,23704060,184.44,186.6,184.04
2024-10-03,181.96,30204300,183.045,183.44,180.875
2024-10-04,186.51,41079010,185.75,187.6,183.6
2024-10-07,180.8,42364200,182.95,183.6,180.25
2024-10-08,182.72,26372090,181.915,183.09,180.92
2024-10-09,185.17,26343120,182.82,185.845,182.05
2024-10-10,186.65,27785040,187.13,188.134,185.83
2024-10-11,188.82,25751560,186.63,189.9284,186.3
2024-10-14,187.54,22614410,189.78,189.83,187.36
2024-10-15,187.69,32178930,187.63,188.41,184.58
2024-10-16,186.89,23456810,187.05,187.78,185.61
2024-10-17,187.53,25039410,188.22,188.94,186.0
2024-10-18,188.99,37417670,187.15,190.74,186.28
2024-10-21,189.07,24639390,188.05,189.46,186.4
2024-10-22,189.7,29650590,188.35,191.5201,186.975
2024-10-23,184.71,31937090,188.85,189.16,183.69
2024-10-24,186.38,21647400,185.25,187.11,183.86
2024-10-25,187.83,29362060,187.85,190.45,187.53
2024-10-28,188.39,27930840,189.565,190.21,188.21
2024-10-29,190.83,35690160,188.58,191.4599,187.815
2024-10-30,192.73,37707550,194.695,195.61,192.42
2024-10-31,186.4,75146760,190.51,190.6,185.23
2024-11-01,197.93,99687850,199.0,200.5,197.02
2024-11-04,195.78,38492060,196.45,197.33,194.3101
2024-11-05,199.5,30564780,196.04,199.82,195.99
2024-11-06,207.09,72292170,200.01,207.55,199.14
2024-11-07,210.05,52878380,207.44,212.25,207.19
2024-11-08,208.18,36075850,209.72,209.9633,207.44
2024-11-11,206.84,35456010,208.5,209.65,205.59
2024-11-12,208.91,38942920,208.37,209.54,206.01
2024-11-13,214.1,46212940,209.4,215.09,209.14
2024-11-14,211.48,42620310,214.16,215.9,210.88
2024-11-15,202.61,86591140,206.76,207.34,199.61
2024-11-18,201.7,36512470,204.15,204.67,200.95
2024-11-19,204.61,31197870,199.33,205.3,198.78
2024-11-20,202.88,32768990,202.98,203.13,199.45
2024-11-21,198.38,58800040,203.49,203.49,195.75
2024-11-22,197.12,31530840,198.25,199.2599,196.75
2024-11-25,201.45,40685670,199.28,201.9499,199.0
2024-11-26,207.86,41673740,201.9,208.0,201.79
2024-11-27,205.74,28061640,206.98,207.64,205.05
2024-11-29,207.89,24892450,205.83,208.2,204.59
2024-12-02,210.71,39523190,209.96,212.99,209.5101
2024-12-03,213.44,32214830,210.31,214.02,209.65
2024-12-04,218.16,48745720,215.96,220.0,215.75
2024-12-05,220.55,41140220,218.03,222.15,217.3
2024-12-06,227.03,44178070,220.75,227.15,220.6
2024-12-09,226.09,46819360,227.21,230.08,225.67
2024-12-10,225.04,31199860,226.09,229.06,224.2002
2024-12-11,230.26,35385790,226.41,231.2,226.26
2024-12-12,228.97,28204080,229.83,231.09,227.63
2024-12-13,227.46,28768080,228.4,230.2,225.8608
2024-12-16,232.93,37552100,230.23,233.0,228.01
2024-12-17,231.15,35948130,232.39,232.73,227.85
2024-12-18,220.52,43281440,230.77,231.3999,220.11
2024-12-19,223.29,39918740,224.91,226.09,222.92
2024-12-20,224.92,88279180,219.84,226.21,218.73
2024-12-23,225.06,28070010,225.01,226.88,223.9
2024-12-24,229.05,15007500,226.94,229.14,226.13
2024-12-26,227.05,16174500,228.5,228.5,226.6706
2024-12-27,223.75,27367150,225.6,226.03,220.9
2024-12-30,221.3,28321240,220.06,222.9972,218.43
2024-12-31,219.39,24819660,222.965,223.2299,218.94
2025-01-02,220.22,33956580,222.03,225.15,218.19
2025-01-03,224.19,27515610,222.505,225.36,221.62
2025-01-06,227.61,31849830,226.78,228.835,224.84
2025-01-07,222.11,28084160,227.9,228.381,221.46
2025-01-08,222.13,25033290,223.185,223.52,220.2
2025-01-10,218.94,36811530,221.46,221.71,216.5
2025-01-13,218.46,27262660,218.06,219.4,216.47
2025-01-14,217.76,24711650,220.44,221.82,216.2
2025-01-15,223.35,31291260,222.83,223.57,220.75
2025-01-16,220.66,24757280,224.42,224.65,220.31
2025-01-17,225.94,42370120,225.84,226.51,223.08
2025-01-21,230.71,39951460,228.9,231.78,226.94
2025-01-22,235.01,41448220,232.02,235.44,231.19
2025-01-23,235.42,26404360,234.1,235.52,231.51
2025-01-24,234.85,25890740,234.5,236.4,232.93
2025-01-27,235.42,49428330,226.21,235.61,225.86
2025-01-28,238.15,41587190,234.29,241.77,233.98
2025-01-29,237.07,26091720,239.015,240.39,236.15
2025-01-30,234.64,32020730,237.14,237.95,232.22
2025-01-31,237.68,36162380,236.5,240.29,236.41
2025-02-03,237.42,37285870,234.06,239.25,232.9
2025-02-04,242.06,29713810,239.01,242.52,238.03
2025-02-05,236.17,38832040,237.02,238.32,235.2
2025-02-06,238.83,60897100,238.01,239.6599,236.01
2025-02-07,229.15,77539280,232.5,234.81,228.06
2025-02-10,233.14,35419930,230.545,233.92,229.2
2025-02-11,232.76,23713730,231.92,233.44,230.13
2025-02-12,228.93,32285250,230.46,231.18,228.16
2025-02-13,230.37,31346510,228.85,230.42,227.52
2025-02-14,228.68,27031080,229.2,229.89,227.23
2025-02-18,226.65,42975130,228.82,229.3,223.72
2025-02-19,226.63,28566710,225.52,226.83,223.71
2025-02-20,222.88,30001670,224.775,225.13,221.81
2025-02-21,216.58,55323850,223.28,223.31,214.74
2025-02-24,212.71,42387590,217.45,217.715,212.42
2025-02-25,212.8,58957980,211.63,213.34,204.16
2025-02-26,214.35,39120600,214.94,218.16,213.09
2025-02-27,208.74,40548570,218.35,219.97,208.37
2025-02-28,212.28,51771740,208.65,212.62,206.99
2025-03-03,205.02,42948450,213.352,214.01,202.55
2025-03-04,203.8,60853080,200.11,206.8,197.432
2025-03-05,208.36,38610090,204.8,209.98,203.26
2025-03-06,200.7,49863760,204.4,205.77,198.3015
2025-03-07,199.25,59802820,199.49,202.2653,192.53
2025-03-10,194.54,62350930,195.6,196.73,190.85
2025-03-11,196.59,54002880,193.9,200.18,193.4
2025-03-12,198.89,43679280,200.72,201.52,195.29
2025-03-13,193.89,41270760,198.165,198.8799,191.82
2025-03-14,197.95,38096660,197.41,198.65,195.32
2025-03-17,195.74,47341750,198.77,199.0,194.3247
2025-03-18,192.82,40414870,192.52,194.0,189.38
2025-03-19,195.54,39442880,193.38,195.965,191.96
2025-03-20,194.95,38921110,193.07,199.32,192.3
2025-03-21,196.21,60056920,192.9,196.99,192.52
2025-03-24,203.26,41625370,200.0,203.64,199.95
2025-03-25,205.71,31171160,203.595,206.21,203.22
2025-03-26,201.13,32990970,205.835,206.01,199.925
2025-03-27,201.36,27317660,200.89,203.79,199.2821
2025-03-28,192.72,52548230,198.42,199.26,191.881
2025-03-31,190.26,63547560,188.19,191.33,184.4
2025-04-01,192.17,41267320,187.86,193.93,187.2
2025-04-02,196.01,53679200,187.66,198.34,187.66
2025-04-03,178.41,95553620,182.995,184.13,176.92
2025-04-04,171.0,123159400,167.145,178.1436,166.0
2025-04-07,175.26,109327100,162.0,183.4099,161.38
2025-04-08,170.66,87710360,185.23,185.9,168.57
2025-04-09,191.1,116804300,172.115,192.65,169.93
2025-04-10,181.22,68302050,185.44,186.8692,175.8518
2025-04-11,184.87,50594340,179.93,185.86,178.0
2025-04-14,182.12,48002540,186.84,187.44,179.23
2025-04-15,179.59,43641950,181.41,182.35,177.9331
2025-04-16,174.33,51875320,176.29,179.1046,171.41
2025-04-17,172.61,44726450,176.0,176.21,172.0
2025-04-21,167.32,48126110,169.6,169.6,165.285
2025-04-22,173.18,56607200,169.845,176.78,169.35
2025-04-23,180.6,63470150,183.45,187.38,180.19
2025-04-24,186.54,43763200,180.915,186.74,180.18
2025-04-25,188.99,36414330,187.62,189.94,185.49
2025-04-28,187.7,33224730,190.105,190.22,184.885
2025-04-29,187.39,41667260,183.99,188.0158,183.68
2025-04-30,184.42,55176540,182.17,185.05,178.85
2025-05-01,190.2,74265960,190.63,191.8071,187.5
2025-05-02,189.98,77903490,191.435,192.88,186.4
2025-05-05,186.35,35217470,186.51,188.18,185.53
2025-05-06,185.01,29314060,184.57,187.93,183.85
2025-05-07,188.71,44002930,185.56,190.99,185.01
2025-05-08,192.08,41043620,191.43,194.33,188.82
2025-05-09,193.06,29663140,193.375,194.69,191.16
2025-05-12,208.64,75205040,210.71,211.66,205.75
2025-05-13,211.37,56193680,211.08,214.84,210.1
2025-05-14,210.25,38492130,211.45,211.93,208.85
2025-05-15,205.17,64347320,206.45,206.88,202.673
2025-05-16,205.59,43318480,206.85,206.85,204.374
2025-05-19,206.16,34314810,201.645,206.62,201.26
2025-05-20,204.07,29470370,204.628,205.5899,202.65
2025-05-21,201.12,42460920,201.61,203.455,200.06
2025-05-22,203.1,38938880,201.38,205.76,200.16
2025-05-23,200.99,33393550,198.9,202.37,197.85
2025-05-27,206.02,34892040,203.085,206.69,202.19
2025-05-28,204.72,28549750,205.915,207.66,204.41
2025-05-29,205.7,34700010,208.025,208.81,204.23
2025-05-30,205.01,51679410,204.84,205.99,201.695
2025-06-02,206.65,29113320,204.98,207.0,202.68
2025-06-03,205.71,33139120,207.105,208.9469,205.03
2025-06-04,207.23,29915590,206.55,208.18,205.18
2025-06-05,207.91,51979240,209.55,212.81,207.56
2025-06-06,213.57,39832500,212.4,213.8699,210.5
2025-06-09,216.98,38102500,214.75,217.85,212.88
2025-06-10,217.61,31303320,216.78,217.69,214.15
2025-06-11,213.2,39325980,217.41,218.4,212.89
2025-06-12,213.24,27639990,211.78,213.58,211.33
2025-06-13,212.1,29337760,209.96,214.05,209.62
2025-06-16,216.1,33284160,212.31,217.06,211.6
2025-06-17,214.82,32086260,215.195,217.41,214.56
2025-06-18,212.52,44360510,215.09,217.96,212.34
2025-06-20,209.69,75350730,214.68,214.89,208.2709
2025-06-23,208.47,37311730,209.79,210.39,207.3101
2025-06-24,212.77,38378760,212.135,214.34,211.045
2025-06-25,211.99,31755700,214.615,216.03,211.11
2025-06-26,217.12,50480810,213.12,218.035,212.01
2025-06-27,223.3,119217100,219.92,223.3,216.74
2025-06-30,219.39,58887780,223.52,223.82,219.12
2025-07-01,220.46,39256830,219.5,221.875,217.93
2025-07-02,219.92,30894180,219.73,221.6,219.06
2025-07-03,223.41,29632350,221.82,224.01,221.36
2025-07-07,223.47,36604140,223.0,224.29,222.37
2025-07-08,219.36,45691990,223.915,224.0,218.43
2025-07-09,222.54,38155120,221.07,224.29,220.47
2025-07-10,222.26,30370590,221.55,222.79,219.7
2025-07-11,225.02,50518310,223.58,226.6799,222.37
2025-07-14,225.69,35702600,225.07,226.66,224.24
2025-07-15,226.35,34907290,226.2,227.27,225.455
2025-07-16,223.19,39535930,225.875,226.1,222.18
2025-07-17,223.88,31855830,223.32,224.5,222.51
2025-07-18,226.13,37833810,225.14,226.4,222.98
2025-07-21,229.3,40297560,225.835,229.69,225.65
2025-07-22,227.47,37483700,229.68,230.0,226.35
2025-07-23,228.29,28294850,228.47,228.79,227.09
2025-07-24,232.23,42902270,229.17,236.0,228.64
2025-07-25,231.44,28712100,232.22,232.48,231.18
2025-07-28,232.79,26300140,233.35,234.29,232.25
2025-07-29,231.01,33716220,234.15,234.72,230.31
2025-07-30,230.19,32993270,231.64,231.8,229.29
2025-07-31,234.11,104357300,235.77,236.53,231.4
2025-08-01,214.75,122258800,217.21,220.4399,212.8
2025-08-04,211.65,77890150,217.4,217.44,211.42
2025-08-05,213.75,51505120,213.05,216.3,212.87
2025-08-06,222.31,54823050,214.695,222.65,213.7409
2025-08-07,223.13,40603510,221.0,226.22,220.82
2025-08-08,222.69,32970480,223.14,223.8,221.8836
2025-08-11,221.3,31646220,221.78,223.05,220.4
2025-08-12,221.47,37254710,222.23,223.5,219.05
2025-08-13,224.56,36508340,222.0,224.9185,222.0
2025-08-14,230.98,61545820,227.4,233.11,227.02
2025-08-15,231.03,39649240,232.58,234.08,229.807
2025-08-18,231.49,25248890,230.225,231.91,228.33
2025-08-19,228.01,29891010,230.09,230.5283,227.12
2025-08-20,223.81,36604320,227.12,227.27,220.915
2025-08-21,221.95,32140460,222.65,222.78,220.5
2025-08-22,228.84,37315340,222.79,229.14,220.82
2025-08-25,227.94,22633700,227.35,229.6,227.31
2025-08-26,228.71,26105370,227.11,229.0,226.02
2025-08-27,229.12,21254480,228.57,229.87,227.81
2025-08-28,231.6,33679590,229.005,232.71,228.02
2025-08-29,229.0,26199170,231.32,231.8125,228.16
2025-09-02,225.34,38843880,223.52,226.17,221.83
2025-09-03,225.99,29223130,225.21,227.1699,224.36
2025-09-04,235.68,59391780,231.185,235.77,230.78
2025-09-05,232.33,36721800,235.19,236.0,231.93
2025-09-08,235.84,33947100,234.94,237.6,233.75
2025-09-09,238.24,27033780,236.355,238.85,235.08
2025-09-10,230.33,60907710,237.515,237.68,229.0962
2025-09-11,229.95,37485600,231.49,231.53,229.3377
2025-09-12,228.15,38496220,230.35,230.79,226.29
2025-09-15,231.43,33243330,230.625,233.73,230.32
2025-09-16,234.05,38203910,232.935,235.9,232.23
2025-09-17,231.62,42815230,233.77,234.3,228.71
2025-09-18,231.23,37931740,232.5,233.48,228.79
2025-09-19,231.48,97943170,232.37,234.16,229.7
2025-09-22,227.63,45914510,230.56,230.565,227.51
2025-09-23,220.71,70956190,227.83,227.86,220.07
2025-09-24,220.21,49509030,224.15,224.56,219.45
2025-09-25,218.15,52226330,220.06,220.67,216.47
2025-09-26,219.78,41650100,219.08,221.05,218.02
2025-09-29,222.17,44259180,220.08,222.6,219.3
2025-09-30,219.57,48396370,222.03,222.24,217.89
2025-10-01,220.63,43933830,217.36,222.15,216.61
2025-10-02,222.41,41258590,221.01,222.81,218.945
2025-10-03,219.51,43639030,223.44,224.2,219.34
2025-10-06,220.9,43690880,221.0,221.73,216.03
2025-10-07,221.78,31194680,220.88,222.89,220.17
2025-10-08,225.22,46685990,222.92,226.73,221.19
2025-10-09,227.74,46412120,224.995,228.21,221.75
2025-10-10,216.37,72367510,226.21,228.25,216.0
2025-10-13,220.07,37809650,217.7,220.68,217.04
2025-10-14,216.39,45665580,215.555,219.32,212.6
2025-10-15,215.57,45909470,216.62,217.71,212.66
2025-10-16,214.47,42414590,215.67,218.59,212.8101
2025-10-17,213.04,45986940,214.56,214.8,211.03
2025-10-20,216.48,38882820,213.88,216.69,213.59
2025-10-21,222.03,50494570,218.43,223.32,217.99
2025-10-22,217.95,44308540,219.3,220.005,216.52
2025-10-23,221.09,31540000,219.0,221.3,218.18
2025-10-24,224.21,38685050,221.97,225.4,221.9
2025-10-27,226.97,38267000,227.66,228.4,225.54
2025-10-28,229.25,47100030,228.215,231.485,226.21
2025-10-29,230.3,52036150,231.672,232.82,227.76
2025-10-30,222.86,102252900,227.06,228.44,222.75
2025-10-31,244.22,166340800,250.1,250.5,243.98
2025-11-03,254.0,95997820,255.36,258.6,252.9
2025-11-04,249.32,51546310,250.38,257.01,248.66
2025-11-05,250.2,40610700,249.03,251.0,246.16
2025-11-06,243.04,46004200,249.155,250.38,242.17
2025-11-07,244.41,46374290,242.9,244.9,238.49
2025-11-10,248.4,36476510,248.34,251.75,245.59
2025-11-11,249.1,23564060,248.41,249.7499,247.23
2025-11-12,244.2,31190060,250.235,250.37,243.75
2025-11-13,237.58,41401740,243.05,243.75,236.5
2025-11-14,234.69,38956670,235.06,238.73,232.89
2025-11-17,232.87,59919020,233.25,234.6,229.19
2025-11-18,222.55,60608440,228.1,230.2,222.42
2025-11-19,222.69,58335640,223.735,223.735,218.52
2025-11-20,217.14,50308960,227.05,227.41,216.74
2025-11-21,220.69,68490460,216.345,222.21,215.18
2025-11-24,226.28,54318400,222.555,227.33,222.27
2025-11-25,229.67,39379340,226.38,230.52,223.8
2025-11-26,229.16,38497920,230.74,231.7474,228.77
2025-11-28,233.22,20292330,231.24,233.285,230.22
2025-12-01,233.88,42903950,233.22,235.797,232.25
2025-12-02,234.42,45785360,235.005,238.97,233.55
2025-12-03,232.38,35495060,233.35,233.38,230.61
2025-12-04,229.11,45683220,232.77,233.5,226.8
2025-12-05,229.53,33117380,230.32,231.24,228.547
2025-12-08,226.89,35019170,229.59,230.83,226.27
2025-12-09,227.92,25841740,226.84,228.57,225.11
2025-12-10,231.78,38790740,228.805,232.42,228.46
2025-12-11,230.28,28249600,230.71,232.11,228.6901
2025-12-12,226.19,35639120,229.87,230.08,225.12
2025-12-15,222.54,47286090,227.93,227.93,221.5
2025-12-16,222.56,39298860,223.035,223.66,221.1304
2025-12-17,221.27,44034420,224.655,225.19,220.99
2025-12-18,226.76,50272420,225.705,229.225,224.41
2025-12-19,227.35,85544370,226.76,229.125,225.58
2025-12-22,228.43,32261330,228.61,229.48,226.71
2025-12-23,232.14,29230230,229.055,232.445,228.73
2025-12-24,232.38,11420540,232.13,232.95,231.33
2025-12-26,232.52,15994730,232.035,232.99,231.18
2025-12-29,232.07,19797910,231.94,232.6,230.77
2025-12-30,232.53,21910450,231.205,232.77,230.2
2025-12-31,230.82,24383750,232.905,232.99,230.12
2026-01-02,226.5,51456230,231.34,235.458,224.7
2026-01-05,233.06,49733350,228.84,234.0,227.18
2026-01-06,240.93,53764680,232.1,243.18,232.07
2026-01-07,241.56,42236530,239.61,245.29,239.52
2026-01-08,246.29,39509840,243.06,246.41,241.88
2026-01-09,247.38,34559960,244.568,247.86,242.24
2026-01-12,246.47,35867770,246.73,248.94,245.96
2026-01-13,242.6,38371780,246.53,247.66,240.25
2026-01-14,236.65,41410580,241.15,241.28,236.22
2026-01-15,238.18,43003570,239.31,240.65,236.63
2026-01-16,239.12,45888280,239.085,239.57,236.41
2026-01-20,231.0,47737850,233.76,235.09,229.34
2026-01-21,231.31,47276090,231.085,232.3,226.88
2026-01-22,234.34,31913330,234.045,235.72,230.9
2026-01-23,239.16,33778480,234.955,240.45,234.57
2026-01-26,238.42,32825530,239.98,240.95,237.54
2026-01-27,244.68,38029220,239.685,244.88,238.08
2026-01-28,243.01,40882660,246.365,247.775,241.53
2026-01-29,241.73,47229640,242.82,243.0,236.742
2026-01-30,239.3,46585020,239.89,243.315,237.64
2026-02-02,242.96,37546100,238.31,245.6299,238.17
2026-02-03,238.62,53831300,244.975,246.35,235.45
2026-02-04,232.99,51299950,238.86,238.86,231.82
2026-02-05,222.69,103509200,224.91,226.31,220.38
2026-02-06,210.32,179210900,202.7,211.44,200.31
2026-02-09,208.72,91178440,208.97,212.81,203.35
2026-02-10,206.96,67175030,208.795,212.6499,206.411
2026-02-11,204.08,65545460,208.06,208.57,202.49
2026-02-12,199.6,83975390,203.96,203.96,197.56
2026-02-13,198.79,66321590,198.88,201.16,197.275
2026-02-17,201.15,69879200,198.125,201.7362,196.0
2026-02-18,204.79,51003300,202.07,206.86,201.51
2026-02-19,204.86,35669610,203.8,205.6396,202.81
2026-02-20,210.11,65881610,204.76,211.17,203.75
2026-02-23,205.27,53581510,208.095,208.43,203.11
2026-02-24,208.56,41137160,205.47,210.36,203.25
2026-02-25,210.64,41346380,210.46,211.59,208.93
2026-02-26,207.92,47756770,210.73,211.05,205.345
2026-02-27,210.0,57422780,206.83,210.33,205.2
2026-03-02,208.39,46001010,204.55,209.73,203.46
2026-03-03,208.73,43184920,203.1,209.178,202.48
2026-03-04,216.82,54731100,210.47,217.54,210.15
2026-03-05,218.94,60943450,215.98,220.47,215.59
2026-03-06,213.21,51152720,214.99,217.32,212.53
2026-03-09,213.49,54642930,210.45,213.82,207.11
2026-03-10,214.33,35678830,214.19,215.65,212.43
2026-03-11,212.65,34199300,215.705,217.0,211.35
2026-03-12,209.53,44349500,210.39,211.71,208.15
2026-03-13,207.67,35662140,209.605,210.56,206.22
2026-03-16,211.74,42209320,208.35,212.724,207.445
2026-03-17,215.2,44969940,212.82,215.7,212.43
2026-03-18,209.87,37846640,213.925,215.1401,208.825
2026-03-19,208.76,36440620,207.06,209.12,206.05
2026-03-20,205.37,63694600,207.4,207.54,204.316
2026-03-23,210.14,44277360,209.79,212.8,209.51
2026-03-24,207.24,35351430,207.95,209.35,206.64
2026-03-25,211.71,36388790,211.56,213.07,209.9
2026-03-26,207.54,46745980,210.61,212.885,207.12
2026-03-27,199.34,56009760,206.455,206.6,199.14
2026-03-30,200.95,46373800,201.48,203.8,199.9802
2026-03-31,208.27,58470080,204.845,210.28,204.14
2026-04-01,210.57,45955400,210.435,213.58,208.19
2026-04-02,209.77,31453040,206.54,212.2125,204.9
2026-04-06,212.79,25385500,209.795,212.95,209.59
2026-04-07,213.77,28154560,211.24,213.97,209.075
2026-04-08,221.25,51092700,223.79,226.1,219.62
2026-04-09,233.65,65964170,225.232,233.8,223.27
2026-04-10,238.38,56912840,235.295,240.43,235.21
2026-04-13,239.89,42166150,237.45,240.0,235.75
2026-04-14,249.02,72685030,241.78,252.18,241.78
2026-04-15,248.5,43045160,249.25,250.44,247.2
2026-04-16,249.7,41895710,248.51,250.0,244.2
2026-04-17,250.56,52029290,254.985,256.18,250.11
2026-04-20,248.28,39463110,249.19,250.18,245.365
2026-04-21,249.91,42922400,255.09,255.09,249.1
2026-04-22,255.36,36065070,252.44,255.94,250.33
2026-04-23,255.08,39091390,255.39,258.79,253.07
2026-04-24,263.99,53777350,259.98,264.5,257.685
2026-04-27,261.12,44906840,263.46,264.15,260.34
2026-04-28,259.7,42204450,258.39,261.03,256.63
2026-04-29,263.04,72367910,257.99,265.91,257.7
2026-04-30,265.06,100974900,273.17,273.88,256.16
2026-05-01,268.26,50825230,265.58,273.315,262.74
2026-05-04,272.05,49083730,268.795,276.1,268.795
2026-05-05,273.55,41908530,276.075,278.56,272.38
2026-05-06,274.99,44551960,272.89,277.8,272.2076
2026-05-07,271.17,35892880,275.02,276.63,270.49
2026-05-08,272.68,34732680,271.63,274.0,269.95
2026-05-11,268.99,38176700,269.835,273.63,268.48
2026-05-12,265.82,36776220,266.71,267.65,262.63
2026-05-13,270.13,39670920,264.43,270.72,263.2
2026-05-14,267.22,31338440,269.15,270.7799,266.63
2026-05-15,264.14,40770340,262.5,264.355,260.8901
2026-05-18,264.86,33690790,263.865,268.85,262.53
2026-05-19,259.34,40340700,262.04,262.25,255.19
2026-05-20,265.01,34933150,260.05,265.58,259.533
2026-05-21,268.46,36591740,263.5,269.4899,261.37
2026-05-22,266.32,27535530,268.655,269.785,266.235
2026-05-26,265.29,38028120,267.94,269.3,262.07
2026-05-27,271.85,40061860,266.15,272.41,265.7001
2026-05-28,274.0,40630390,272.27,274.5,267.44
2026-05-29,270.64,54749560,271.29,274.75,269.64
2026-06-01,261.26,53604380,266.285,266.63,260.7
2026-06-02,256.52,41810980,257.16,261.2025,254.37
2026-06-03,250.02,51394190,254.7,257.09,247.71
2026-06-04,253.79,35609770,253.12,255.83,251.75
2026-06-05,246.03,55607840,254.255,256.38,245.78
2026-06-08,245.22,33899530,246.68,249.42,243.36
2026-06-09,244.19,44425360,247.73,250.43,240.4
2026-06-10,238.0,38590240,243.605,244.065,237.45
2026-06-11,241.51,41335400,237.93,242.14,235.18
2026-06-12,238.55,51251140,243.21,243.36,233.59
2026-06-15,246.02,41711580,245.02,247.805,244.73
2026-06-16,246.0,35187410,248.0,249.51,245.4511
2026-06-17,237.5,44780770,244.9,245.91,236.0
2026-06-18,244.39,75624420,240.12,245.73,236.02
2026-06-22,232.79,68388530,240.08,242.0,232.24
2026-06-23,234.11,60492560,232.55,236.87,232.0
2026-06-24,234.27,70282580,233.845,242.4199,232.95
2026-06-25,227.01,77858480,232.02,232.32,225.55
2026-06-26,232.69,248372100,227.205,233.9,226.125
