date,close,volume,open,high,low
2016-06-27,8.533,137605800,8.788,8.8,8.481
2016-06-28,8.797,115290900,8.741,8.888,8.641
2016-06-29,9.106,116736300,8.967,9.197,8.87
2016-06-30,9.148,90151910,9.091,9.172,8.99
2016-07-01,9.667,161576500,9.5,9.7,9.48
2016-07-05,9.791,258560500,9.52,10.127,9.331
2016-07-06,9.46,162785800,9.503,9.6,9.355
2016-07-07,9.51,99062830,9.47,9.538,9.318
2016-07-08,9.706,83301580,9.6,9.741,9.53
2016-07-11,9.467,132505500,9.619,9.6869,9.43
2016-07-12,9.597,115939400,9.507,9.672,9.409
2016-07-13,9.643,87637980,9.626,9.672,9.48
2016-07-14,9.802,98681380,9.7,9.827,9.68
2016-07-15,9.839,90044350,9.852,9.87,9.741
2016-07-18,9.881,264667200,9.843,9.984,9.724
2016-07-19,8.584,555846700,8.543,8.675,8.45
2016-07-20,8.791,234842700,8.667,8.849,8.582
2016-07-21,8.599,160656600,8.83,8.838,8.521
2016-07-22,8.589,113549400,8.648,8.65,8.511
2016-07-25,8.766,141220300,8.573,8.787,8.501
2016-07-26,9.141,195565800,9.103,9.31,9.09
2016-07-27,9.204,87052300,9.15,9.206,9.01
2016-07-28,9.165,62146500,9.192,9.221,9.068
2016-07-29,9.125,69493110,9.119,9.1749,9.059
2016-08-01,9.437,106562900,9.123,9.467,9.05
2016-08-02,9.356,98153630,9.4,9.408,9.218
2016-08-03,9.31,70284590,9.328,9.467,9.255
2016-08-04,9.344,60408200,9.32,9.3732,9.182
2016-08-05,9.703,183389100,9.377,9.774,9.356
2016-08-08,9.511,101283400,9.591,9.593,9.4
2016-08-09,9.399,91716940,9.512,9.581,9.348
2016-08-10,9.393,64874330,9.44,9.475,9.295
2016-08-11,9.589,85403860,9.46,9.633,9.437
2016-08-12,9.659,65885150,9.553,9.683,9.508
2016-08-15,9.531,73010040,9.683,9.691,9.524
2016-08-16,9.512,62590960,9.519,9.561,9.44
2016-08-17,9.637,82682660,9.494,9.693,9.485
2016-08-18,9.616,72519030,9.598,9.7217,9.517
2016-08-19,9.587,69407230,9.605,9.678,9.551
2016-08-22,9.526,58248600,9.567,9.613,9.495
2016-08-23,9.594,52367390,9.568,9.659,9.548
2016-08-24,9.518,62581290,9.613,9.636,9.491
2016-08-25,9.732,108012100,9.638,9.8245,9.604
2016-08-26,9.758,66097930,9.733,9.795,9.657
2016-08-29,9.73,80011380,9.697,9.845,9.657
2016-08-30,9.745,60860650,9.784,9.885,9.714
2016-08-31,9.745,46870890,9.748,9.788,9.676
2016-09-01,9.738,41463390,9.781,9.798,9.6916
2016-09-02,9.738,42448580,9.79,9.818,9.701
2016-09-06,10.009,90260700,9.776,10.032,9.7649
2016-09-07,9.915,64632450,10.011,10.019,9.842
2016-09-08,9.966,51995960,9.923,10.005,9.882
2016-09-09,9.65,73554820,9.906,9.939,9.65
2016-09-12,9.905,77079240,9.591,9.929,9.571
2016-09-13,9.609,117771700,9.717,9.8,9.533
2016-09-14,9.701,85278410,9.735,9.835,9.696
2016-09-15,9.734,52948990,9.723,9.797,9.653
2016-09-16,9.948,94368030,9.71,9.949,9.704
2016-09-19,9.806,86120970,9.99,10.035,9.782
2016-09-20,9.825,47346590,9.878,9.916,9.766
2016-09-21,9.488,200233700,9.69,9.71,9.326
2016-09-22,9.583,112082000,9.554,9.588,9.423
2016-09-23,9.594,61748480,9.575,9.697,9.543
2016-09-26,9.456,67378520,9.538,9.538,9.404
2016-09-27,9.707,96705870,9.504,9.764,9.5
2016-09-28,9.748,72335810,9.71,9.759,9.602
2016-09-29,9.667,62140340,9.731,9.831,9.66
2016-09-30,9.855,98047390,9.69,9.953,9.679
2016-10-03,10.263,153297300,9.8,10.339,9.8
2016-10-04,10.234,121265500,10.319,10.444,10.186
2016-10-05,10.628,129171100,10.35,10.697,10.343
2016-10-06,10.507,65852710,10.497,10.547,10.388
2016-10-07,10.482,86579470,10.398,10.65,10.355
2016-10-10,10.333,66955710,10.318,10.453,10.276
2016-10-11,10.059,90276450,10.231,10.29,9.986
2016-10-12,9.95,74066270,10.088,10.247,9.922
2016-10-13,10.023,83159560,9.801,10.05,9.763
2016-10-14,10.147,95177200,10.159,10.2099,10.035
2016-10-17,9.98,255753400,10.05,10.073,9.838
2016-10-18,11.879,421164500,11.663,11.982,11.65
2016-10-19,12.187,219304600,11.825,12.245,11.8
2016-10-20,12.335,144776300,12.197,12.375,12.106
2016-10-21,12.75,188111900,12.25,12.785,12.231
2016-10-24,12.733,159629600,12.742,12.929,12.615
2016-10-25,12.651,82292100,12.652,12.806,12.575
2016-10-26,12.697,85972710,12.629,12.872,12.575
2016-10-27,12.647,68998850,12.743,12.818,12.593
2016-10-28,12.657,70638920,12.608,12.893,12.6012
2016-10-31,12.487,65054840,12.685,12.69,12.44
2016-11-01,12.33,69679600,12.498,12.583,12.18
2016-11-02,12.234,47818160,12.283,12.407,12.183
2016-11-03,12.214,50398670,12.231,12.372,12.184
2016-11-04,12.203,48261460,12.2,12.343,12.162
2016-11-07,12.458,58229730,12.426,12.575,12.337
2016-11-08,12.434,46744240,12.412,12.581,12.322
2016-11-09,12.219,77049050,12.184,12.365,12.0861
2016-11-10,11.542,196933200,12.276,12.297,11.37
2016-11-11,11.478,110762900,11.49,11.663,11.311
2016-11-14,11.338,99284720,11.475,11.59,11.068
2016-11-15,11.359,74359340,11.455,11.641,11.3091
2016-11-16,11.519,59281870,11.296,11.612,11.181
2016-11-17,11.503,62273320,11.513,11.681,11.356
2016-11-18,11.521,67424710,11.573,11.642,11.351
2016-11-21,11.796,70547530,11.62,11.872,11.619
2016-11-22,11.804,70059270,11.832,11.946,11.698
2016-11-23,11.769,45186100,11.776,11.889,11.731
2016-11-25,11.741,16162600,11.764,11.839,11.718
2016-11-28,11.693,52673210,11.705,11.762,11.571
2016-11-29,11.751,70813120,11.73,11.918,11.7132
2016-11-30,11.7,76922930,11.9,12.037,11.6391
2016-12-01,11.722,86329910,11.752,11.868,11.395
2016-12-02,12.081,89371340,11.675,12.098,11.675
2016-12-05,11.916,76205600,12.073,12.075,11.84
2016-12-06,12.457,114983800,12.01,12.479,11.942
2016-12-07,12.539,81885700,12.448,12.575,12.325
2016-12-08,12.324,89850300,12.54,12.635,12.216
2016-12-09,12.288,46975220,12.378,12.43,12.173
2016-12-12,12.283,39115110,12.284,12.403,12.23
2016-12-13,12.378,55282300,12.351,12.509,12.2781
2016-12-14,12.344,61056200,12.343,12.44,12.25
2016-12-15,12.5,73741660,12.344,12.743,12.295
2016-12-16,12.422,78641620,12.639,12.668,12.401
2016-12-19,12.545,48637480,12.43,12.644,12.287
2016-12-20,12.512,39331710,12.546,12.63,12.464
2016-12-21,12.65,64990330,12.553,12.7737,12.5
2016-12-22,12.558,41607670,12.684,12.75,12.518
2016-12-23,12.559,20101210,12.561,12.628,12.508
2016-12-27,12.835,52806240,12.624,12.905,12.57
2016-12-28,12.589,43685230,12.907,12.907,12.576
2016-12-29,12.533,34440660,12.595,12.614,12.42
2016-12-30,12.38,44527710,12.624,12.657,12.36
2017-01-03,12.749,94277060,12.496,12.819,12.431
2017-01-04,12.941,78333400,12.749,13.017,12.655
2017-01-05,13.181,96533790,12.922,13.275,12.89
2017-01-06,13.107,106519300,13.208,13.388,12.981
2017-01-09,13.095,57672170,13.148,13.199,12.989
2017-01-10,12.989,59824690,13.127,13.222,12.929
2017-01-11,13.05,56109630,13.091,13.15,12.9248
2017-01-12,12.918,53838390,13.063,13.085,12.85
2017-01-13,13.37,104931200,13.115,13.393,13.058
2017-01-17,13.289,121935300,13.504,13.54,13.209
2017-01-18,13.326,157483000,13.321,13.365,13.106
2017-01-19,13.841,231818600,14.201,14.346,13.825
2017-01-20,13.86,94746550,13.936,14.079,13.766
2017-01-23,13.739,74287550,13.865,13.949,13.731
2017-01-24,14.011,77466400,13.811,14.093,13.703
2017-01-25,13.952,76075490,14.08,14.139,13.905
2017-01-26,13.896,60345540,14.045,14.121,13.851
2017-01-27,14.245,83069350,13.946,14.249,13.9
2017-01-30,14.122,81158840,14.177,14.1967,13.88
2017-01-31,14.071,44045570,14.055,14.183,13.97
2017-02-01,14.078,60193000,14.12,14.241,13.93
2017-02-02,13.92,34578030,14.061,14.104,13.905
2017-02-03,14.025,35097640,13.951,14.064,13.91
2017-02-06,14.097,35432040,14.0,14.1,13.916
2017-02-07,14.4,85338460,14.149,14.428,14.105
2017-02-08,14.474,68809370,14.357,14.507,14.256
2017-02-09,14.414,45497600,14.498,14.509,14.358
2017-02-10,14.482,55296720,14.468,14.5299,14.397
2017-02-13,14.32,47873380,14.519,14.595,14.305
2017-02-14,14.082,83641460,14.32,14.411,14.005
2017-02-15,14.227,52898760,14.072,14.243,14.051
2017-02-16,14.201,28439420,14.242,14.244,14.107
2017-02-17,14.222,45854960,14.175,14.29,14.127
2017-02-21,14.26,35632090,14.299,14.338,14.181
2017-02-22,14.386,34787360,14.292,14.4,14.217
2017-02-23,14.278,46655640,14.445,14.449,14.152
2017-02-24,14.325,32996190,14.188,14.356,14.155
2017-02-27,14.341,39058190,14.312,14.392,14.238
2017-02-28,14.213,38600160,14.33,14.357,14.185
2017-03-01,14.265,41679690,14.284,14.326,14.21
2017-03-02,13.953,61145800,14.215,14.27,13.909
2017-03-03,13.914,54006670,13.969,14.091,13.826
2017-03-06,14.194,71112480,14.1,14.284,14.054
2017-03-07,14.143,42394180,14.199,14.24,14.038
2017-03-08,14.032,40889400,14.147,14.206,13.977
2017-03-09,14.053,26473740,14.004,14.124,13.974
2017-03-10,14.089,33159030,14.139,14.18,14.028
2017-03-13,14.352,49150570,14.09,14.371,14.0321
2017-03-14,14.319,46567870,14.295,14.331,14.17
2017-03-15,14.525,59841010,14.42,14.552,14.323
2017-03-16,14.439,52772140,14.55,14.65,14.422
2017-03-17,14.511,62166400,14.405,14.576,14.34
2017-03-20,14.583,33963610,14.545,14.625,14.458
2017-03-21,14.242,76553860,14.675,14.77,14.21
2017-03-22,14.265,64740860,14.2545,14.38,14.076
2017-03-23,14.184,37031930,14.214,14.289,14.126
2017-03-24,14.202,35458750,14.236,14.28,14.158
2017-03-27,14.406,47681970,14.083,14.439,14.0
2017-03-28,14.517,46363000,14.41,14.611,14.392
2017-03-29,14.647,38479770,14.55,14.718,14.4909
2017-03-30,14.806,44521680,14.681,14.829,14.653
2017-03-31,14.781,38806820,14.8,14.8225,14.733
2017-04-03,14.692,46047310,14.67,14.8005,14.574
2017-04-04,14.55,43452840,14.684,14.709,14.489
2017-04-05,14.362,45845780,14.619,14.625,14.326
2017-04-06,14.374,33060320,14.4,14.414,14.301
2017-04-07,14.311,30325710,14.379,14.389,14.271
2017-04-10,14.385,57964460,14.304,14.465,14.121
2017-04-11,14.435,46192630,14.428,14.454,14.198
2017-04-12,14.383,43835240,14.485,14.574,14.355
2017-04-13,14.292,36761270,14.425,14.455,14.276
2017-04-17,14.725,159934600,14.443,14.732,14.443
2017-04-18,14.336,196626400,14.734,14.74,14.0
2017-04-19,13.976,123874000,14.337,14.4,13.866
2017-04-20,14.118,72445790,14.03,14.18,13.927
2017-04-21,14.287,62466130,14.139,14.303,14.0903
2017-04-24,14.383,47929320,14.361,14.45,14.34
2017-04-25,15.216,206551200,14.746,15.352,14.622
2017-04-26,15.017,92628660,15.153,15.215,14.89
2017-04-27,15.308,77060600,15.06,15.349,14.93
2017-04-28,15.22,63593270,15.271,15.297,15.094
2017-05-01,15.535,90150420,15.191,15.77,15.161
2017-05-02,15.645,50952950,15.576,15.65,15.461
2017-05-03,15.559,39265160,15.629,15.654,15.488
2017-05-04,15.725,55568210,15.559,15.79,15.455
2017-05-05,15.66,53234380,15.855,15.859,15.59
2017-05-08,15.638,48156980,15.655,15.764,15.53
2017-05-09,15.746,39085710,15.61,15.785,15.597
2017-05-10,16.028,68615010,15.782,16.11,15.656
2017-05-11,15.854,56741440,16.033,16.052,15.755
2017-05-12,16.081,50901910,15.911,16.084,15.851
2017-05-15,16.002,49625250,16.025,16.178,15.976
2017-05-16,15.941,34530540,16.05,16.118,15.933
2017-05-17,15.32,81636060,15.809,15.878,15.3
2017-05-18,15.57,62853530,15.361,15.689,15.324
2017-05-19,15.702,40662310,15.615,15.805,15.591
2017-05-22,15.716,37366700,15.786,15.86,15.643
2017-05-23,15.795,33660490,15.775,15.831,15.68
2017-05-24,15.775,29875830,15.835,15.848,15.717
2017-05-25,16.305,85465340,16.1,16.41,16.055
2017-05-26,16.243,48270590,16.284,16.305,16.112
2017-05-30,16.322,48245570,16.36,16.475,16.271
2017-05-31,16.307,53404870,16.361,16.4,16.074
2017-06-01,16.299,38867720,16.352,16.3932,16.17
2017-06-02,16.518,42540600,16.342,16.536,16.28
2017-06-05,16.506,38691080,16.549,16.55,16.343
2017-06-06,16.517,43728860,16.495,16.682,16.451
2017-06-07,16.561,33503860,16.56,16.64,16.4409
2017-06-08,16.588,37027470,16.612,16.687,16.484
2017-06-09,15.803,102847400,16.627,16.627,15.45
2017-06-12,15.144,140937500,15.53,15.553,14.831
2017-06-13,15.272,84754330,15.438,15.568,15.013
2017-06-14,15.22,64527650,15.434,15.5615,15.028
2017-06-15,15.176,70010460,14.944,15.256,14.73
2017-06-16,15.238,68072270,15.145,15.353,15.039
2017-06-19,15.34,65235510,15.429,15.558,15.241
2017-06-20,15.205,48766830,15.368,15.45,15.14
2017-06-21,15.503,57951320,15.25,15.538,15.226
2017-06-22,15.489,37655170,15.513,15.52,15.37
2017-06-23,15.802,62480420,15.501,15.819,15.376
2017-06-26,15.75,60087320,15.878,15.997,15.656
2017-06-27,15.103,74181090,15.662,15.6977,15.072
2017-06-28,15.341,55853460,15.164,15.42,15.012
2017-06-29,15.009,71402470,15.282,15.282,14.8
2017-06-30,14.941,52103810,14.976,15.071,14.842
2017-07-03,14.617,39082150,14.98,15.045,14.58
2017-07-05,14.761,46217120,14.658,14.826,14.558
2017-07-06,14.625,54833580,14.613,14.727,14.425
2017-07-07,15.018,54940830,14.665,15.075,14.665
2017-07-10,15.267,52017280,15.034,15.323,14.965
2017-07-11,15.433,48873260,15.237,15.523,15.155
2017-07-12,15.875,82834520,15.577,15.88,15.577
2017-07-13,15.821,66944180,15.851,16.013,15.698
2017-07-14,16.112,55201000,15.93,16.135,15.797
2017-07-17,16.17,166819100,16.291,16.355,16.002
2017-07-18,18.36,415255900,17.612,18.5,17.424
2017-07-19,18.386,172409900,18.297,18.717,18.175
2017-07-20,18.36,78731100,18.384,18.592,18.27
2017-07-21,18.854,92583370,18.272,19.15,18.271
2017-07-24,18.791,87877970,18.8685,19.025,18.701
2017-07-25,18.697,53707770,18.779,18.866,18.581
2017-07-26,18.908,44639270,18.77,18.9704,18.751
2017-07-27,18.268,112151600,18.989,19.0,17.938
2017-07-28,18.404,62001630,18.2,18.503,18.118
2017-07-31,18.166,48655550,18.426,18.4974,18.065
2017-08-01,18.203,50575340,18.249,18.462,18.143
2017-08-02,18.074,57597540,18.222,18.257,17.7815
2017-08-03,17.923,46213460,18.053,18.1225,17.802
2017-08-04,18.027,44882470,17.96,18.1,17.85
2017-08-07,18.133,46079850,18.1,18.227,17.91
2017-08-08,17.836,59511390,18.137,18.191,17.745
2017-08-09,17.578,96582490,17.143,17.596,17.001
2017-08-10,16.914,96222030,17.403,17.445,16.76
2017-08-11,17.14,50208230,16.986,17.258,16.9
2017-08-14,17.1,74632170,16.98,17.245,16.88
2017-08-15,16.85,55315800,17.153,17.188,16.825
2017-08-16,16.998,70087910,16.75,17.05,16.625
2017-08-17,16.609,51920680,16.923,17.058,16.572
2017-08-18,16.654,73820330,16.595,16.997,16.58
2017-08-21,16.676,64751770,16.691,16.899,16.423
2017-08-22,16.934,48815450,16.776,16.993,16.704
2017-08-23,16.906,46302860,16.835,16.964,16.67
2017-08-24,16.813,53585880,16.986,17.1236,16.615
2017-08-25,16.595,40602830,16.858,16.875,16.55
2017-08-28,16.712,36448350,16.643,16.867,16.56
2017-08-29,16.881,46150610,16.5,16.968,16.473
2017-08-30,17.469,80266460,16.95,17.485,16.937
2017-08-31,17.471,69318940,17.545,17.624,17.386
2017-09-01,17.474,38105980,17.555,17.648,17.392
2017-09-05,17.452,45952450,17.34,17.588,17.244
2017-09-06,17.925,87368600,17.525,17.946,17.373
2017-09-07,17.9,60155990,17.88,18.035,17.71
2017-09-08,17.642,45891460,17.845,18.039,17.625
2017-09-11,18.174,59740550,17.81,18.247,17.803
2017-09-12,18.515,66814050,18.255,18.533,18.0644
2017-09-13,18.364,43124310,18.407,18.45,18.255
2017-09-14,18.263,45007010,18.325,18.5288,18.207
2017-09-15,18.235,55770620,18.273,18.493,18.143
2017-09-18,18.462,53552280,18.361,18.545,18.273
2017-09-19,18.568,49630880,18.498,18.623,18.417
2017-09-20,18.551,46135910,18.61,18.65,18.32
2017-09-21,18.878,71416600,18.582,18.995,18.451
2017-09-22,18.735,54560480,18.84,18.985,18.639
2017-09-25,17.855,93597100,18.646,18.655,17.77
2017-09-26,17.938,55998750,18.07,18.095,17.655
2017-09-27,18.197,49885150,18.101,18.334,18.07
2017-09-28,18.07,40743950,18.125,18.195,17.936
2017-09-29,18.135,42211120,18.073,18.29,18.065
2017-10-02,17.701,73359490,18.211,18.28,17.658
2017-10-03,17.919,39521850,17.765,17.97,17.755
2017-10-04,18.445,91905130,18.141,18.67,18.125
2017-10-05,19.439,193609600,18.565,19.449,18.449
2017-10-06,19.802,152538900,19.43,19.892,19.205
2017-10-09,19.687,69663840,19.91,19.94,19.656
2017-10-10,19.508,62311960,19.785,19.83,19.21
2017-10-11,19.495,64380600,19.557,19.622,19.381
2017-10-12,19.586,77651110,19.675,19.862,19.471
2017-10-13,19.949,120460300,19.97,20.082,19.7187
2017-10-16,20.268,217779400,20.195,20.283,19.786
2017-10-17,19.948,238558500,20.011,20.438,19.777
2017-10-18,19.554,111881900,19.999,20.001,19.425
2017-10-19,19.513,70308730,19.301,19.525,19.116
2017-10-20,19.416,59895950,19.59,19.638,19.377
2017-10-23,19.247,69756510,19.417,19.49,19.1035
2017-10-24,19.602,70521660,19.275,19.6735,19.14
2017-10-25,19.377,53130360,19.538,19.7055,19.301
2017-10-26,19.521,51732120,19.466,19.761,19.408
2017-10-27,19.954,81223380,19.72,20.065,19.622
2017-10-30,19.837,54348440,19.962,20.1099,19.7072
2017-10-31,19.643,55119250,19.821,19.859,19.5218
2017-11-01,19.8,50070210,19.724,19.9199,19.6
2017-11-02,19.932,35960490,19.745,19.944,19.709
2017-11-03,20.001,36767660,19.98,20.055,19.799
2017-11-06,20.013,58451810,20.0,20.248,19.809
2017-11-07,19.589,64605870,20.0,20.061,19.48
2017-11-08,19.644,42333430,19.6,19.709,19.474
2017-11-09,19.39,59592140,19.446,19.449,19.081
2017-11-10,19.202,66196130,19.161,19.259,18.95
2017-11-13,19.508,46052850,19.112,19.605,19.1
2017-11-14,19.571,34403820,19.364,19.588,19.3
2017-11-15,19.212,41988680,19.454,19.542,19.153
2017-11-16,19.551,56697990,19.433,19.77,19.375
2017-11-17,19.32,39023830,19.574,19.595,19.265
2017-11-20,19.41,37488240,19.33,19.432,19.19
2017-11-21,19.623,46182810,19.504,19.752,19.4971
2017-11-22,19.632,58923210,19.658,19.675,19.363
2017-11-24,19.575,21605350,19.665,19.69,19.533
2017-11-27,19.505,32002070,19.556,19.585,19.4
2017-11-28,19.918,69754160,19.534,19.968,19.401
2017-11-29,18.815,141804500,19.891,19.9029,18.432
2017-11-30,18.758,66155160,19.031,19.086,18.668
2017-12-01,18.682,62160250,18.699,18.98,18.5
2017-12-04,18.404,90668970,18.936,18.972,17.838
2017-12-05,18.421,57817830,18.35,18.814,18.119
2017-12-06,18.53,53551260,18.338,18.6484,18.288
2017-12-07,18.52,46567000,18.571,18.734,18.322
2017-12-08,18.854,49641880,18.65,18.942,18.63
2017-12-11,18.622,52534420,18.785,18.942,18.591
2017-12-12,18.573,41658260,18.601,18.785,18.4818
2017-12-13,18.786,47021650,18.61,18.869,18.541
2017-12-14,18.956,77588830,18.798,19.264,18.72
2017-12-15,19.012,72728990,18.961,19.143,18.801
2017-12-18,19.042,50079150,19.12,19.165,18.89
2017-12-19,18.702,70254280,19.018,19.0298,18.575
2017-12-20,18.882,64084320,18.794,18.911,18.526
2017-12-21,18.862,35483720,18.944,19.095,18.758
2017-12-22,18.994,37728230,18.833,19.095,18.68
2017-12-26,18.776,30444440,18.978,18.994,18.64
2017-12-27,18.624,39907820,18.78,18.81,18.522
2017-12-28,19.271,100970400,18.718,19.449,18.685
2017-12-29,19.196,51805390,19.251,19.395,19.122
2018-01-02,20.107,108918300,19.61,20.165,19.542
2018-01-03,20.505,85858080,20.205,20.621,20.15
2018-01-04,20.563,60199370,20.62,20.705,20.4001
2018-01-05,20.999,70032410,20.725,21.002,20.559
2018-01-08,21.205,55509090,21.002,21.25,20.844
2018-01-09,20.931,61116400,21.211,21.298,20.859
2018-01-10,21.252,59482470,20.757,21.364,20.691
2018-01-11,21.724,69889800,21.429,21.775,21.335
2018-01-12,22.123,81905310,21.718,22.255,21.6
2018-01-16,22.153,134952600,22.424,22.607,21.72
2018-01-17,21.75,90704030,22.1,22.115,21.632
2018-01-18,22.033,82120940,22.034,22.058,21.655
2018-01-19,22.046,103562100,22.275,22.349,21.85
2018-01-22,22.758,171280900,22.2,22.7785,22.12
2018-01-23,25.029,276371700,25.505,25.771,24.802
2018-01-24,26.13,171937800,25.088,26.171,24.9311
2018-01-25,26.97,153115600,26.3,27.23,26.023
2018-01-26,27.46,109323700,27.1485,27.46,26.876
2018-01-29,28.459,173773400,27.42,28.681,27.392
2018-01-30,27.88,120558200,27.7,28.273,27.27
2018-01-31,27.03,116535300,28.194,28.2289,26.958
2018-02-01,26.507,96511610,26.641,27.195,26.338
2018-02-02,26.743,90306000,26.3,27.062,26.271
2018-02-05,25.426,118164900,26.2,26.7899,25.003
2018-02-06,26.572,124122400,24.77,26.67,24.5
2018-02-07,26.456,87292090,26.658,27.245,26.4325
2018-02-08,25.01,92677070,26.708,26.762,25.0
2018-02-09,24.947,168990600,25.385,25.58,23.611
2018-02-12,25.795,85185640,25.214,25.915,24.9
2018-02-13,25.827,68057450,25.729,26.141,25.47
2018-02-14,26.6,109487400,26.047,26.988,26.033
2018-02-15,28.027,107240100,27.003,28.05,26.763
2018-02-16,27.852,83028830,27.873,28.196,27.569
2018-02-20,27.855,77547590,27.774,28.5812,27.661
2018-02-21,28.104,93481090,28.207,28.664,28.001
2018-02-22,27.814,88783370,28.388,28.45,27.445
2018-02-23,28.593,72927890,28.1,28.6,27.781
2018-02-26,29.416,102568300,28.875,29.5648,28.701
2018-02-27,29.061,92474140,29.477,29.736,29.059
2018-02-28,29.138,75014440,29.31,29.575,29.078
2018-03-01,29.039,118929900,29.275,29.525,28.383
2018-03-02,30.105,132785000,28.465,30.118,28.323
2018-03-05,31.5,189577700,30.285,31.691,29.76
2018-03-06,32.522,182454500,31.988,32.579,31.65
2018-03-07,32.116,171107400,32.0,32.374,31.455
2018-03-08,31.7,113667000,32.22,32.2918,31.413
2018-03-09,33.144,143202400,32.133,33.144,32.023
2018-03-12,32.13,202774200,33.356,33.398,31.86
2018-03-13,31.588,128787500,32.387,32.5841,31.3278
2018-03-14,32.155,104638400,31.816,32.388,31.77
2018-03-15,32.109,54654670,32.317,32.34,31.814
2018-03-16,31.845,73152680,32.142,32.411,31.837
2018-03-19,31.348,98442010,31.58,31.7,30.734
2018-03-20,31.75,59832400,31.326,31.95,31.28
2018-03-21,31.648,50618690,31.635,31.94,31.4511
2018-03-22,30.67,79597140,31.307,31.412,30.566
2018-03-23,30.094,95041810,30.741,31.073,30.036
2018-03-26,32.035,119706400,30.936,32.103,30.2
2018-03-27,30.069,120282400,32.249,32.29,29.7
2018-03-28,28.577,189495200,29.839,29.88,28.161
2018-03-29,29.535,191158500,28.7,29.535,27.59
2018-04-02,28.029,133433100,29.194,29.287,27.505
2018-04-03,28.367,126692700,28.545,29.125,27.801
2018-04-04,28.894,128926700,27.363,29.031,27.1224
2018-04-05,29.397,105691800,29.315,29.916,28.911
2018-04-06,28.885,113628900,28.91,29.885,28.565
2018-04-09,28.993,98330680,29.177,29.955,28.912
2018-04-10,29.807,106698400,29.768,29.895,29.169
2018-04-11,30.367,148390400,30.2885,31.164,30.182
2018-04-12,30.925,102066600,30.9719,31.113,30.675
2018-04-13,31.165,120018500,31.729,31.749,30.823
2018-04-16,30.778,197822500,31.599,31.61,30.4
2018-04-17,33.606,338111800,32.966,33.862,32.377
2018-04-18,33.452,111751900,33.63,33.882,33.11
2018-04-19,33.27,84200320,33.288,33.531,32.677
2018-04-20,32.777,91169410,33.222,33.651,32.6
2018-04-23,31.869,88716310,32.915,33.122,31.708
2018-04-24,30.702,138734500,31.9217,32.0249,30.231
2018-04-25,30.576,147639400,30.637,30.998,29.2615
2018-04-26,31.398,92237070,31.0,31.663,30.558
2018-04-27,31.176,70701180,31.625,31.745,30.65
2018-04-30,31.246,60667640,31.107,31.788,31.0118
2018-05-01,31.33,60148380,31.036,31.348,30.669
2018-05-02,31.336,55776130,31.165,31.71,31.0403
2018-05-03,31.169,60373860,31.259,31.259,30.573
2018-05-04,32.009,82042030,30.871,32.098,30.767
2018-05-07,32.626,71211980,32.1995,32.9023,31.934
2018-05-08,32.689,46949530,32.59,32.7348,32.305
2018-05-09,33.03,56234070,32.879,33.195,32.751
2018-05-10,32.96,52327840,33.15,33.2055,32.7344
2018-05-11,32.646,45844300,32.965,33.126,32.487
2018-05-14,32.853,40862500,32.725,33.0504,32.704
2018-05-15,32.613,47392630,32.594,32.694,32.2434
2018-05-16,32.819,36643260,32.628,32.972,32.514
2018-05-17,32.522,49278560,32.753,33.045,32.3173
2018-05-18,32.418,35749610,32.49,32.642,32.28
2018-05-21,33.182,65964460,32.711,33.188,32.545
2018-05-22,33.162,59166430,33.405,33.663,33.115
2018-05-23,34.472,100212100,32.904,34.5,32.809
2018-05-24,34.929,144931300,34.434,35.4,34.112
2018-05-25,35.129,78016020,34.99,35.436,34.883
2018-05-29,34.973,97004130,35.15,35.61,34.671
2018-05-30,35.354,56581690,35.237,35.4,34.926
2018-05-31,35.16,69068130,35.38,35.553,35.021
2018-06-01,35.993,71024210,35.388,35.999,35.282
2018-06-04,36.181,76628650,36.2685,36.3,35.551
2018-06-05,36.58,83468860,36.332,36.983,36.1412
2018-06-06,36.745,77000330,36.7785,36.968,36.333
2018-06-07,36.14,82603230,36.854,36.87,35.78
2018-06-08,36.057,52228730,35.806,36.239,35.625
2018-06-11,36.145,44157760,36.188,36.567,36.091
2018-06-12,36.383,42200720,36.36,36.598,36.2
2018-06-13,37.993,181860200,36.753,38.4254,36.411
2018-06-14,39.287,145495400,38.427,39.503,38.325
2018-06-15,39.198,135692100,39.071,39.886,38.751
2018-06-18,39.04,68009840,38.772,39.316,38.65
2018-06-19,40.498,166738100,38.95,40.529,38.85
2018-06-20,41.676,164533700,41.515,41.9468,40.96
2018-06-21,41.544,180485700,42.138,42.3206,40.637
2018-06-22,41.109,104105800,41.998,42.05,40.9651
2018-06-25,38.448,224582400,40.469,40.599,37.875
2018-06-26,39.939,151656300,39.328,40.478,38.905
2018-06-27,39.039,164952000,40.756,41.1587,39.0
2018-06-28,39.542,122026300,39.5,39.69,38.71
2018-06-29,39.143,92286780,39.919,40.133,39.055
2018-07-02,39.818,81256550,38.545,39.838,38.0
2018-07-03,39.052,52803440,39.949,39.998,38.95
2018-07-05,39.839,84181160,39.38,39.924,39.086
2018-07-06,40.825,85683820,39.745,40.865,39.5523
2018-07-09,41.897,110913400,41.595,41.912,41.11
2018-07-10,41.563,92059020,41.724,41.944,41.308
2018-07-11,41.865,96350600,41.134,41.977,41.06
2018-07-12,41.35,127039400,41.5155,41.679,40.78
2018-07-13,39.58,156951100,40.919,41.0,39.5081
2018-07-16,40.048,222254600,39.898,40.3355,39.175
2018-07-17,37.948,583036400,34.695,38.5,34.4
2018-07-18,37.513,217068400,38.124,38.313,37.2355
2018-07-19,36.423,168296300,37.106,37.5749,36.3
2018-07-20,36.105,150894200,36.492,37.05,36.014
2018-07-23,36.266,114634900,35.9145,36.39,35.36
2018-07-24,35.732,128293600,36.694,36.74,35.456
2018-07-25,36.287,83824410,35.757,36.328,35.565
2018-07-26,36.309,69615060,35.819,36.554,35.6625
2018-07-27,35.521,89385230,36.685,36.7,35.165
2018-07-30,33.496,182278100,35.193,35.203,33.402
2018-07-31,33.745,140394400,33.151,34.25,32.8
2018-08-01,33.838,77619860,33.587,34.441,33.402
2018-08-02,34.45,71116700,33.723,34.5,33.471
2018-08-03,34.309,88363080,34.775,34.786,33.8477
2018-08-06,35.092,81865870,34.2865,35.198,34.174
2018-08-07,35.183,79525550,35.323,35.731,34.901
2018-08-08,34.761,53927150,35.221,35.229,34.661
2018-08-09,34.936,46808890,34.796,35.2439,34.5816
2018-08-10,34.587,43275810,34.691,34.91,34.4423
2018-08-13,34.131,68844550,33.989,34.719,33.907
2018-08-14,33.749,57917230,34.209,34.241,33.625
2018-08-15,32.64,117465000,33.403,33.5496,32.1
2018-08-16,32.244,66742190,32.99,33.117,32.1214
2018-08-17,31.678,103702800,31.901,32.4365,31.296
2018-08-20,32.773,135644800,31.464,33.16,31.0928
2018-08-21,33.802,145018800,33.1,34.15,32.97
2018-08-22,34.444,89125480,33.849,34.621,33.7406
2018-08-23,33.917,113121700,34.811,35.008,33.765
2018-08-24,35.882,147056300,34.6,35.915,34.4541
2018-08-27,36.458,173719100,36.7145,37.449,36.0
2018-08-28,36.849,91904090,36.723,36.999,36.038
2018-08-29,36.804,81035920,36.72,36.986,36.291
2018-08-30,37.098,109695000,36.5,37.6809,36.354
2018-08-31,36.768,79180450,37.066,37.6,36.7077
2018-09-04,36.36,75906050,36.647,36.888,36.126
2018-09-05,34.118,130729400,36.0,36.339,33.583
2018-09-06,34.646,130299300,34.744,35.6,34.199
2018-09-07,34.868,90947000,34.22,35.575,34.125
2018-09-10,34.841,57322000,35.227,35.25,34.308
2018-09-11,35.593,61903910,34.467,35.615,34.39
2018-09-12,36.995,103601400,35.908,37.043,35.624
2018-09-13,36.815,83499380,37.191,37.409,36.684
2018-09-14,36.456,47358930,36.855,37.109,36.346
2018-09-17,35.035,70173060,36.422,36.733,34.957
2018-09-18,36.765,103874200,35.367,36.815,35.156
2018-09-19,36.696,118421500,37.395,37.761,35.917
2018-09-20,36.536,67563100,37.026,37.026,36.317
2018-09-21,36.119,118946500,36.659,37.222,36.074
2018-09-24,36.961,92845610,35.9,37.364,35.433
2018-09-25,36.943,67757100,37.023,37.134,36.4492
2018-09-26,37.788,135402200,37.359,38.2,37.088
2018-09-27,38.071,72951230,37.987,38.32,37.6
2018-09-28,37.413,71040660,37.924,38.08,37.373
2018-10-01,38.143,83398870,37.585,38.611,37.559
2018-10-02,37.714,86208810,38.438,38.68,37.383
2018-10-03,37.705,57916860,37.853,38.093,37.4881
2018-10-04,36.365,90523620,37.588,37.592,36.04
2018-10-05,35.135,135124100,35.977,36.35,34.3
2018-10-08,34.91,123675100,34.518,35.2945,33.811
2018-10-09,35.571,87309760,34.848,35.872,34.709
2018-10-10,32.589,170636600,35.352,35.515,32.539
2018-10-11,32.11,160206900,32.494,33.42,31.581
2018-10-12,33.956,148068600,33.957,34.13,32.89
2018-10-15,33.313,111775100,33.763,33.9206,32.693
2018-10-16,34.64,196705600,33.724,34.795,33.0555
2018-10-17,36.47,325641900,37.833,38.0,35.65
2018-10-18,34.671,180677600,36.0673,36.22,34.605
2018-10-19,33.267,166962200,35.1,35.58,33.22
2018-10-22,32.954,170813500,33.31,33.58,32.034
2018-10-23,33.316,148808700,31.8,33.658,31.677
2018-10-24,30.183,189261300,33.228,33.3,30.073
2018-10-25,31.287,132850400,30.712,31.994,30.525
2018-10-26,29.983,195916900,30.051,31.399,29.23
2018-10-29,28.484,216623200,30.526,30.789,27.54
2018-10-30,28.581,236226800,27.557,29.0525,27.1209
2018-10-31,30.178,200929700,29.777,31.15,29.505
2018-11-01,31.738,150316900,30.459,31.845,29.667
2018-11-02,30.91,133561300,31.8,32.188,30.833
2018-11-05,31.544,102474300,31.11,31.753,30.374
2018-11-06,31.084,96597850,31.476,32.022,30.53
2018-11-07,32.75,133080300,31.29,32.856,31.1
2018-11-08,31.792,110080200,32.8,33.205,31.661
2018-11-09,30.347,134631700,31.107,31.298,29.801
2018-11-12,29.407,108864900,30.0,30.249,29.063
2018-11-13,29.44,121171700,29.5,30.355,28.91
2018-11-14,28.673,168073900,30.04,30.184,27.8297
2018-11-15,29.006,98745460,28.551,29.25,28.216
2018-11-16,28.621,90845890,28.714,29.172,28.1
2018-11-19,27.06,124869200,28.379,28.509,26.915
2018-11-20,26.698,166765400,25.463,27.634,25.0
2018-11-21,26.213,110142900,27.442,27.534,26.151
2018-11-23,25.882,52451230,26.011,26.55,25.684
2018-11-26,26.143,124903300,26.055,26.625,25.38
2018-11-27,26.663,109564800,25.924,26.908,25.614
2018-11-28,28.265,147739900,27.198,28.4,26.334
2018-11-29,28.875,150165200,28.232,29.049,27.55
2018-11-30,28.613,118356700,28.8,29.081,28.3061
2018-12-03,29.03,140981000,29.319,29.872,28.458
2018-12-04,27.533,127623200,28.813,29.574,27.472
2018-12-06,28.288,130438300,26.833,28.322,26.714
2018-12-07,26.514,124547200,28.248,28.4209,26.338
2018-12-10,26.97,95825490,26.419,27.118,26.0609
2018-12-11,26.532,98237450,27.408,27.45,26.276
2018-12-12,27.488,114391800,26.766,28.177,26.648
2018-12-13,27.602,83732190,27.764,27.932,27.185
2018-12-14,26.684,99089300,27.181,27.7666,26.5
2018-12-17,26.28,96163010,26.651,27.298,26.1075
2018-12-18,27.094,103304500,26.33,27.575,26.329
2018-12-19,26.677,137679400,26.996,28.087,26.377
2018-12-20,26.058,167693400,26.464,26.99,25.188
2018-12-21,24.639,213593300,26.383,26.45,24.129
2018-12-24,23.388,95476160,24.2,25.065,23.368
2018-12-26,25.367,142037000,23.392,25.45,23.123
2018-12-27,25.5565,121244300,25.011,25.559,24.01
2018-12-28,25.608,109729200,25.794,26.1914,24.98
2018-12-31,26.766,134968800,26.016,27.01,26.0
2019-01-02,26.766,116129700,25.928,26.975,25.658
2019-01-03,27.12,149469700,27.02,27.579,26.443
2019-01-04,29.757,192994500,28.188,29.78,27.854
2019-01-07,31.534,185862600,30.21,31.68,30.165
2019-01-08,32.027,152795500,31.998,32.0593,30.801
2019-01-09,31.996,133079800,31.771,32.3351,31.35
2019-01-10,32.466,133981800,31.457,32.537,31.25
2019-01-11,33.759,194586900,33.096,34.109,32.852
2019-01-14,33.294,104604200,33.424,33.548,32.913
2019-01-15,35.464,211334500,34.96,35.722,34.7
2019-01-16,35.139,153456700,35.4,35.885,34.811
2019-01-17,35.319,182383500,34.95,35.579,34.641
2019-01-18,33.91,265833400,35.197,35.3,33.673
2019-01-22,32.516,179094400,33.489,33.688,32.103
2019-01-23,32.199,134562600,32.825,33.175,31.86
2019-01-24,32.667,111150400,32.06,33.18,31.9
2019-01-25,33.805,111470400,32.872,34.0,32.851
2019-01-28,33.566,86394030,33.47,33.63,32.888
2019-01-29,32.89,76198080,33.587,33.822,32.8151
2019-01-30,34.066,90812660,33.275,34.178,33.08
2019-01-31,33.95,84937250,33.968,34.599,33.8092
2019-02-01,33.985,98226150,33.718,34.684,33.65
2019-02-04,35.134,90240970,34.26,35.2,34.13
2019-02-05,35.581,90307200,35.32,36.0,35.29
2019-02-06,35.219,67072790,35.7,35.704,34.719
2019-02-07,34.471,78503530,34.79,34.875,33.902
2019-02-08,34.757,75502680,33.8,34.8,33.8
2019-02-11,34.573,54381190,35.0,35.287,34.481
2019-02-12,35.997,103881900,34.809,36.0,34.652
2019-02-13,35.177,105297100,35.73,35.96,35.028
2019-02-14,35.907,92803930,35.175,36.045,34.833
2019-02-15,35.687,92180660,35.847,36.44,35.55
2019-02-19,36.192,73796830,35.58,36.5,35.532
2019-02-20,35.991,81014120,36.485,36.671,35.67
2019-02-21,35.697,62171850,36.003,36.285,35.388
2019-02-22,36.302,70777530,36.034,36.613,36.005
2019-02-25,36.391,75375070,36.701,37.149,36.379
2019-02-26,36.497,49246160,36.298,36.57,35.933
2019-02-27,36.287,56216150,36.35,36.803,35.98
2019-02-28,35.81,61572850,36.247,36.639,35.7709
2019-03-01,35.732,54661020,36.226,36.287,35.4692
2019-03-04,35.104,74789140,35.972,36.225,34.8044
2019-03-05,35.43,59199360,35.146,35.617,34.825
2019-03-06,35.961,61941890,35.36,35.988,35.17
2019-03-07,35.26,61444010,36.016,36.286,35.05
2019-03-08,34.96,68912510,34.575,34.992,34.247
2019-03-11,35.886,53426090,35.2,35.898,35.003
2019-03-12,35.627,51617060,35.937,36.013,35.38
2019-03-13,36.121,63991410,35.581,36.248,35.2765
2019-03-14,35.882,52639470,36.05,36.384,35.8101
2019-03-15,36.146,84380900,36.102,36.4,35.889
2019-03-18,36.344,71877420,36.247,37.0971,36.186
2019-03-19,35.878,72347570,36.64,36.696,35.68
2019-03-20,37.522,107846800,35.891,37.59,35.701
2019-03-21,37.787,85229900,37.4,37.9,37.061
2019-03-22,36.101,86271850,37.595,37.643,36.004
2019-03-25,36.623,84645120,35.9,36.704,35.744
2019-03-26,35.997,76482490,36.787,36.838,35.802
2019-03-27,35.337,78264260,36.1,36.247,35.037
2019-03-28,35.461,43498200,35.4485,35.594,34.92
2019-03-29,35.656,47006830,35.716,35.825,35.371
2019-04-01,36.696,69740450,35.9,36.833,35.851
2019-04-02,36.772,51144660,36.625,36.842,36.222
2019-04-03,36.975,53664980,36.926,37.3411,36.619
2019-04-04,36.788,46219650,37.007,37.205,36.24
2019-04-05,36.549,38988880,36.9,36.98,36.466
2019-04-08,36.141,46488770,36.511,36.594,35.993
2019-04-09,36.471,54314670,36.054,36.674,35.9
2019-04-10,36.392,45379630,36.579,36.8848,36.225
2019-04-11,36.765,64161550,36.5,37.012,36.081
2019-04-12,35.114,156055800,36.069,36.175,34.936
2019-04-15,34.887,88190810,35.071,35.221,34.227
2019-04-16,35.946,184164500,35.5,36.4479,35.272
2019-04-17,35.474,180093500,36.505,36.8764,35.06
2019-04-18,36.035,83464700,35.5,36.041,35.164
2019-04-22,37.734,119599400,35.97,37.769,35.9
2019-04-23,38.189,99920220,37.545,38.48,37.4707
2019-04-24,37.423,65199780,38.107,38.19,37.327
2019-04-25,36.833,62425180,37.449,37.476,36.57
2019-04-26,37.485,56158140,36.835,37.514,36.624
2019-04-29,37.183,37649110,37.368,37.4575,36.9115
2019-04-30,37.054,38639730,36.956,37.45,36.8348
2019-05-01,37.881,92572840,37.4,38.599,37.3175
2019-05-02,37.906,53981670,37.8,38.35,37.451
2019-05-03,38.503,51303010,38.153,38.503,37.8272
2019-05-06,37.867,57931440,37.769,38.135,37.6
2019-05-07,37.046,69749240,37.7,37.991,36.581
2019-05-08,36.437,65719570,36.792,36.9,36.136
2019-05-09,36.275,58825720,36.09,36.42,35.275
2019-05-10,36.104,56571230,36.162,36.5258,35.306
2019-05-13,34.526,80266970,35.229,35.426,34.31
2019-05-14,34.561,53530290,34.871,34.995,34.25
2019-05-15,35.499,63401180,34.334,35.65,34.139
2019-05-16,35.931,64414630,35.637,36.4,35.3935
2019-05-17,35.445,47254480,35.639,35.962,35.3785
2019-05-20,34.811,46215150,35.123,35.2418,34.54
2019-05-21,35.427,40263690,35.095,35.6425,34.993
2019-05-22,35.973,62293890,35.801,37.046,35.73
2019-05-23,35.221,56304430,35.55,35.742,34.77
2019-05-24,35.439,38309630,35.541,35.944,35.3791
2019-05-28,35.478,47171440,35.439,36.12,35.364
2019-05-29,34.919,56589130,35.36,35.3848,34.59
2019-05-30,35.185,40080420,35.055,35.421,34.83
2019-05-31,34.328,50234490,34.722,34.934,34.292
2019-06-03,33.663,78495890,34.356,34.766,33.265
2019-06-04,35.34,78916320,34.5,35.361,34.325
2019-06-05,35.573,50200810,35.438,35.788,34.871
2019-06-06,35.713,37099550,35.484,35.821,35.209
2019-06-07,36.087,47773210,35.739,36.515,35.569
2019-06-10,35.201,78102610,36.365,36.71,34.9285
2019-06-11,35.127,53967120,35.5,35.758,34.85
2019-06-12,34.556,45847040,35.182,35.361,34.323
2019-06-13,34.343,62093470,34.723,34.85,33.925
2019-06-14,33.973,50190110,34.163,34.34,33.6155
2019-06-17,35.062,53582190,34.269,35.177,34.206
2019-06-18,35.712,54285420,35.557,36.15,35.375
2019-06-19,36.352,56671560,36.172,36.474,35.612
2019-06-20,36.521,58994670,36.591,37.012,36.1215
2019-06-21,36.921,74483560,36.5,37.145,36.5
2019-06-24,37.104,48302400,37.027,37.5,37.02
2019-06-25,36.03,57503830,37.075,37.0999,35.829
2019-06-26,36.22,36696770,36.16,36.679,36.16
2019-06-27,37.002,41385750,36.32,37.085,36.32
2019-06-28,36.732,45927060,37.026,37.1545,36.487
2019-07-01,37.46,50015180,37.35,37.666,37.2
2019-07-02,37.543,36289620,37.489,37.6,37.031
2019-07-03,38.172,37990090,37.669,38.199,37.584
2019-07-05,38.055,37321620,37.829,38.14,37.5555
2019-07-08,37.616,31134020,37.819,37.825,37.536
2019-07-09,37.993,69328220,37.906,38.476,37.75
2019-07-10,38.1,58787900,38.277,38.434,37.74
2019-07-11,37.95,43362870,38.11,38.454,37.88
2019-07-12,37.325,66369370,37.868,37.9738,37.2792
2019-07-15,36.66,79446800,37.294,37.368,36.23
2019-07-16,36.599,58632220,37.009,37.134,36.492
2019-07-17,36.244,136395400,36.625,36.65,36.175
2019-07-18,32.521,313059000,32.376,32.985,32.03
2019-07-19,31.51,163024800,32.34,32.585,31.423
2019-07-22,31.062,177253300,31.2,31.454,30.581
2019-07-23,30.73,91710680,31.144,31.35,30.6
2019-07-24,31.794,119618200,31.051,31.999,30.725
2019-07-25,32.646,107985000,31.886,32.769,31.63
2019-07-26,33.578,108475000,32.879,33.6,32.75
2019-07-29,33.27,57828170,33.598,33.64,32.877
2019-07-30,32.593,60293200,32.92,32.965,32.323
2019-07-31,32.299,62594940,32.516,33.177,31.853
2019-08-01,31.95,65631560,32.425,32.858,31.8735
2019-08-02,31.883,62803430,31.749,31.941,31.18
2019-08-05,30.763,86924850,31.096,31.3418,30.4677
2019-08-06,31.01,61790900,31.058,31.188,30.53
2019-08-07,30.429,93224330,30.256,30.5,29.6813
2019-08-08,31.59,59058650,31.103,31.6365,30.663
2019-08-09,30.893,53490590,31.374,31.664,30.568
2019-08-12,31.083,65317220,30.546,31.289,30.324
2019-08-13,31.228,53387610,30.977,31.643,30.816
2019-08-14,29.911,73557530,30.801,30.841,29.8005
2019-08-15,29.576,96833840,29.95,30.063,28.8
2019-08-16,30.28,70907570,29.886,30.355,29.627
2019-08-19,30.938,49517330,30.625,31.175,30.475
2019-08-20,29.899,73521620,30.457,30.5,29.7681
2019-08-21,29.781,56897460,30.161,30.288,29.62
2019-08-22,29.693,49770420,29.865,30.033,29.315
2019-08-23,29.144,63311890,29.5,29.901,29.032
2019-08-26,29.498,46969820,29.524,29.695,29.25
2019-08-27,29.103,63145590,29.454,29.677,28.7197
2019-08-28,29.177,39580430,28.947,29.282,28.775
2019-08-29,29.678,43925320,29.5,29.993,29.499
2019-08-30,29.375,44479900,29.878,29.894,29.085
2019-09-03,28.929,36841770,29.082,29.39,28.806
2019-09-04,29.152,46536650,29.125,29.238,28.651
2019-09-05,29.325,89723560,28.532,29.397,28.2785
2019-09-06,29.017,51665560,29.335,29.335,28.703
2019-09-09,29.434,82327440,29.481,30.155,29.06
2019-09-10,28.799,123202500,29.116,29.717,28.2663
2019-09-11,28.827,74059490,28.57,29.265,28.461
2019-09-12,28.886,50109270,28.81,29.273,28.66
2019-09-13,29.415,65831240,29.061,29.662,29.004
2019-09-16,29.429,53073860,29.423,29.743,28.978
2019-09-17,29.86,48171190,29.45,29.915,29.179
2019-09-18,29.156,78415390,29.499,29.605,28.745
2019-09-19,28.66,85457610,29.156,29.381,28.34
2019-09-20,27.075,239541900,28.026,28.25,26.6
2019-09-23,26.592,136102900,26.8345,27.339,26.189
2019-09-24,25.459,163928100,26.25,26.5,25.228
2019-09-25,26.475,118467500,25.571,26.66,25.37
2019-09-26,26.331,76968580,26.642,26.805,26.02
2019-09-27,26.308,73674910,26.6175,26.744,26.039
2019-09-30,26.762,68231000,26.4,26.888,26.278
2019-10-01,26.958,87862840,26.735,27.22,26.403
2019-10-02,26.803,77732990,26.361,26.935,26.219
2019-10-03,26.815,90688100,26.778,26.8843,25.701
2019-10-04,27.279,99927740,26.82,27.5485,26.647
2019-10-07,27.446,67968110,27.199,27.668,27.128
2019-10-08,27.072,63022690,27.303,27.553,27.0643
2019-10-09,26.753,68434880,27.002,27.1,26.457
2019-10-10,28.048,109611900,26.597,28.053,26.5034
2019-10-11,28.293,88173010,28.48,28.787,27.5895
2019-10-14,28.553,55431200,28.393,28.693,28.2
2019-10-15,28.425,77281610,28.382,28.587,27.94
2019-10-16,28.628,184133400,28.312,28.817,28.0743
2019-10-17,29.335,384623400,30.449,30.875,28.83
2019-10-18,27.53,234496400,28.936,29.09,27.336
2019-10-21,27.805,126339600,27.289,27.994,26.9
2019-10-22,26.669,118655900,27.1159,27.541,26.58
2019-10-23,27.127,71544300,26.806,27.392,26.663
2019-10-24,27.15,49110330,27.181,27.402,26.88
2019-10-25,27.682,47478290,27.068,27.777,27.018
2019-10-28,28.186,62484330,27.805,28.575,27.735
2019-10-29,28.121,43561810,28.187,28.441,27.7545
2019-10-30,29.145,93455620,28.434,29.349,28.3
2019-10-31,28.741,50900210,29.1,29.145,28.478
2019-11-01,28.681,55942930,28.87,28.912,28.302
2019-11-04,29.286,55662130,28.8,29.539,28.716
2019-11-05,28.803,40623700,28.999,29.119,28.631
2019-11-06,28.859,34382570,28.819,29.056,28.584
2019-11-07,28.957,59284710,29.07,29.819,28.8268
2019-11-08,29.157,45095880,28.873,29.399,28.7505
2019-11-11,29.418,39458850,28.916,29.636,28.85
2019-11-12,29.201,57748330,29.532,29.5345,28.87
2019-11-13,28.311,92330660,29.103,29.341,28.114
2019-11-14,28.962,65397710,28.325,29.063,28.322
2019-11-15,29.503,63377790,29.059,29.5819,28.7568
2019-11-18,30.257,86215660,29.6,30.499,29.328
2019-11-19,30.26,59197100,30.401,30.567,29.852
2019-11-20,30.516,51155460,30.101,30.825,30.1
2019-11-21,31.169,74883730,30.6,31.269,30.4262
2019-11-22,31.048,59700560,30.91,31.14,30.441
2019-11-25,31.555,78789430,30.883,31.573,30.525
2019-11-26,31.249,53283480,31.5,31.65,31.169
2019-11-27,31.593,41009750,31.393,31.682,31.275
2019-11-29,31.466,24117490,31.578,31.662,31.334
2019-12-02,30.999,62231350,31.439,31.439,30.375
2019-12-03,30.616,52724470,30.222,30.736,30.188
2019-12-04,30.432,35135510,30.843,30.843,30.3273
2019-12-05,30.286,46188670,30.527,30.648,29.881
2019-12-06,30.735,44596840,30.47,30.7849,30.26
2019-12-09,30.25,57660060,30.735,31.149,30.244
2019-12-10,29.312,104812400,29.612,29.894,29.202
2019-12-11,29.893,56071550,29.449,29.943,29.42
2019-12-12,29.844,47714040,29.567,29.9165,29.506
2019-12-13,29.85,38830690,29.85,30.18,29.725
2019-12-16,30.421,46601660,30.085,30.571,29.863
2019-12-17,31.548,104371300,30.736,31.68,30.66
2019-12-18,32.08,112107400,31.626,32.536,31.56
2019-12-19,33.222,98333550,32.45,33.283,32.418
2019-12-20,33.69,99232600,33.5,33.8,33.06
2019-12-23,33.31,57679370,33.776,33.795,33.102
2019-12-24,33.32,20193220,33.401,33.57,33.16
2019-12-26,33.263,35958540,33.46,33.6462,33.201
2019-12-27,32.909,50371560,33.296,33.382,32.601
2019-12-30,32.331,43152670,32.908,32.9185,32.286
2019-12-31,32.357,37148370,32.2,32.4916,32.109
2020-01-02,32.981,43484930,32.61,32.998,32.478
2020-01-03,32.59,37954660,32.678,32.986,32.553
2020-01-06,33.583,56685770,32.312,33.636,32.12
2020-01-07,33.075,47424580,33.647,33.67,33.03
2020-01-08,33.926,71091170,33.149,34.27,33.105
2020-01-09,33.566,47174300,34.2,34.342,33.461
2020-01-10,32.905,47205400,33.713,33.85,32.727
2020-01-13,33.892,62961740,33.18,34.085,33.151
2020-01-14,33.869,72015440,34.44,34.538,33.552
2020-01-15,33.907,51580350,33.868,34.317,33.66
2020-01-16,33.862,50159970,34.35,34.3555,33.585
2020-01-17,33.967,60665470,34.1,34.157,33.738
2020-01-21,33.811,143503200,34.0,34.1,33.259
2020-01-22,32.6,217299600,33.255,33.63,32.36
2020-01-23,34.96,182002900,32.604,34.988,32.501
2020-01-24,35.316,179396800,34.846,35.985,34.588
2020-01-27,34.288,77094820,34.595,35.19,34.102
2020-01-28,34.852,68215810,34.588,35.24,34.278
2020-01-29,34.316,76491830,34.9,34.94,33.855
2020-01-30,34.774,53281360,34.11,34.82,33.925
2020-01-31,34.509,52300010,34.739,34.739,34.098
2020-02-03,35.8,66748850,34.724,35.963,34.628
2020-02-04,36.901,71614510,36.1,36.957,35.6096
2020-02-05,36.967,64370260,37.5125,37.525,36.23
2020-02-06,36.695,39204280,36.96,37.155,36.2505
2020-02-07,36.677,43852270,36.504,37.18,36.357
2020-02-10,37.107,52941380,36.5,37.48,36.252
2020-02-11,37.369,47728700,37.375,37.811,36.972
2020-02-12,38.001,46247720,37.718,38.062,37.588
2020-02-13,38.14,44853830,37.696,38.537,37.651
2020-02-14,38.04,37362660,38.147,38.515,37.9434
2020-02-18,38.778,51804000,37.93,38.954,37.919
2020-02-19,38.619,48963680,38.812,39.295,38.49
2020-02-20,38.6,40794250,38.656,38.97,37.668
2020-02-21,38.007,39356180,38.533,38.732,37.7901
2020-02-24,36.87,69364180,36.476,37.282,36.1
2020-02-25,36.009,64812430,37.2,37.565,35.772
2020-02-26,37.924,89611260,36.631,38.2,36.5
2020-02-27,37.171,109677000,37.146,39.1562,37.0596
2020-02-28,36.903,111785700,36.421,37.677,35.68
2020-03-02,38.105,69978910,37.311,38.136,36.4502
2020-03-03,36.877,83646230,38.103,39.352,36.74
2020-03-04,38.379,54873400,37.777,38.401,37.051
2020-03-05,37.278,87469850,38.1,39.14,36.864
2020-03-06,36.897,81471650,36.77,37.131,35.685
2020-03-09,34.649,74054580,34.386,35.747,34.1721
2020-03-10,36.413,76044440,35.6425,36.454,34.785
2020-03-11,34.992,60587820,35.892,36.298,34.479
2020-03-12,31.525,120715900,32.65,33.572,30.732
2020-03-13,33.6295,94581970,33.051,33.642,30.739
2020-03-16,29.884,105599400,30.663,33.435,29.475
2020-03-17,31.975,100139100,30.619,32.29,29.025
2020-03-18,31.547,125936500,30.2395,33.1579,30.0
2020-03-19,33.203,106159600,32.433,34.851,31.682
2020-03-20,33.283,108538500,34.231,35.049,33.2
2020-03-23,36.027,134493800,34.789,36.611,34.0884
2020-03-24,35.732,116386800,36.999,37.293,35.303
2020-03-25,34.239,87671710,36.102,36.2,33.917
2020-03-26,36.299,72350160,34.4,36.384,34.173
2020-03-27,35.712,79487750,35.909,36.856,35.3
2020-03-30,37.096,86219640,36.3,37.78,36.117
2020-03-31,37.55,93664640,36.793,38.301,36.644
2020-04-01,36.408,66724540,37.605,38.0233,36.102
2020-04-02,37.008,45924770,36.408,37.099,36.006
2020-04-03,36.176,48607680,36.747,37.09,35.751
2020-04-06,37.996,81839210,36.522,38.029,36.171
2020-04-07,37.228,70464380,38.0,38.133,36.934
2020-04-08,37.112,69088790,37.401,37.839,36.831
2020-04-09,37.072,77112960,37.106,37.21,36.303
2020-04-13,39.672,116929200,37.131,40.051,36.77
2020-04-14,41.355,115809800,39.75,41.782,39.4847
2020-04-15,42.675,135612200,41.3,43.498,41.225
2020-04-16,43.917,161286700,43.7,44.952,43.161
2020-04-17,42.296,126162600,43.1,43.2,41.4695
2020-04-20,43.749,126558200,43.517,44.449,43.056
2020-04-21,43.383,231775500,44.477,44.7,42.56
2020-04-22,42.142,211237700,42.9725,43.3,41.3
2020-04-23,42.67,139523300,41.926,43.8413,41.926
2020-04-24,42.499,86703620,42.5,42.717,41.588
2020-04-27,42.138,62774800,42.5,42.9,42.084
2020-04-28,40.383,101012300,41.999,42.1,40.291
2020-04-29,41.189,96931370,39.953,41.586,39.36
2020-04-30,41.985,79539750,41.031,42.444,40.8
2020-05-01,41.527,82998580,41.51,42.797,41.173
2020-05-04,42.815,77990580,41.778,42.854,41.487
2020-05-05,42.468,62862930,42.7555,43.1,42.156
2020-05-06,43.426,66607370,42.93,43.977,42.6385
2020-05-07,43.653,56502810,43.689,43.888,43.066
2020-05-08,43.555,50543080,43.414,44.2,43.3639
2020-05-11,44.052,54860370,43.633,44.489,43.556
2020-05-12,43.182,45982110,44.2,44.417,43.136
2020-05-13,43.827,70145630,43.569,44.7,42.727
2020-05-14,44.195,90074670,44.49,45.238,43.282
2020-05-15,45.419,72439980,44.07,45.5,43.751
2020-05-18,45.258,77803090,45.116,45.636,44.335
2020-05-19,45.104,48104870,45.3397,45.897,45.0465
2020-05-20,44.767,56072570,45.425,45.581,44.4
2020-05-21,43.625,91173250,44.856,44.896,43.025
2020-05-22,42.932,54223340,43.7,43.909,42.718
2020-05-26,41.477,78811150,42.777,42.85,41.314
2020-05-27,41.989,104463400,41.038,42.002,39.786
2020-05-28,41.344,56601600,41.724,42.2372,41.15
2020-05-29,41.973,52704840,41.746,42.0295,41.185
2020-06-01,42.592,37485730,41.883,42.672,41.598
2020-06-02,42.731,34948010,42.587,42.759,41.946
2020-06-03,42.197,43160440,42.695,42.71,41.805
2020-06-04,41.433,54105290,42.239,42.871,41.003
2020-06-05,41.96,50995610,40.729,42.0239,40.425
2020-06-08,41.949,58514530,41.6,42.08,40.65
2020-06-09,43.405,67969990,42.165,43.473,42.031
2020-06-10,43.448,48968930,43.6,43.969,43.055
2020-06-11,42.556,74628680,42.82,44.557,42.416
2020-06-12,41.807,64611270,42.9,43.406,41.245
2020-06-15,42.55,44714990,42.14,42.649,41.5424
2020-06-16,43.613,55140160,42.576,43.796,42.518
2020-06-17,44.777,65295680,44.182,45.046,43.922
2020-06-18,44.987,42776270,44.873,45.276,44.28
2020-06-19,45.372,59336510,44.912,45.397,44.56
2020-06-22,46.804,62721050,45.501,46.859,45.421
2020-06-23,46.626,59484360,46.65,47.401,46.45
2020-06-24,45.785,48261910,46.854,47.236,45.4
2020-06-25,46.591,41345130,45.886,46.701,45.4
2020-06-26,44.34,68047260,46.639,46.803,44.224
2020-06-29,44.724,48439780,44.523,44.767,43.214
2020-06-30,45.504,41985450,45.002,45.759,44.7
2020-07-01,48.564,97058700,45.4,48.823,45.4
2020-07-02,47.689,63514850,48.564,49.228,47.5526
2020-07-06,49.381,78389900,48.077,49.95,47.98
2020-07-07,49.316,56698700,49.7311,50.482,49.083
2020-07-08,50.278,56916820,49.8576,50.51,49.381
2020-07-09,50.776,58405410,50.84,51.0,49.578
2020-07-10,54.873,216055900,51.973,55.588,51.128
2020-07-13,52.55,183990200,56.798,57.537,52.096
2020-07-14,52.488,150833000,51.708,52.55,49.049
2020-07-15,52.326,100666500,51.63,52.9,51.018
2020-07-16,52.739,244989900,52.648,53.554,50.4363
2020-07-17,49.299,249913500,49.487,50.359,48.414
2020-07-20,50.241,119403100,48.914,50.45,48.42
2020-07-21,49.01,91272180,50.6,50.622,48.861
2020-07-22,48.982,69540780,49.219,49.72,48.72
2020-07-23,47.758,77220340,49.113,49.19,47.202
2020-07-24,48.045,77462470,46.877,48.717,46.754
2020-07-27,49.565,78630690,48.451,49.692,48.231
2020-07-28,48.851,59867270,49.602,49.7793,48.776
2020-07-29,48.448,66117690,49.225,49.492,48.413
2020-07-30,48.58,66085690,48.0707,48.835,47.751
2020-07-31,48.888,59243100,48.829,49.48,48.45
2020-08-03,49.862,58761900,49.086,50.309,49.023
2020-08-04,50.964,56079680,49.865,51.0444,49.865
2020-08-05,50.211,43135260,50.868,51.0102,50.12
2020-08-06,50.908,37258610,50.411,51.082,49.87
2020-08-07,49.473,59103480,50.545,50.829,48.668
2020-08-10,48.338,46911850,49.335,49.7458,47.8627
2020-08-11,46.693,73292260,47.975,48.092,46.655
2020-08-12,47.547,54412430,47.134,48.249,47.018
2020-08-13,48.133,30089330,47.84,48.445,47.645
2020-08-14,48.268,29434870,48.282,48.8325,48.021
2020-08-17,48.235,24235450,48.419,48.624,47.91
2020-08-18,49.187,35055180,48.435,49.53,48.28
2020-08-19,48.453,31562180,49.393,49.4498,48.35
2020-08-20,49.79,51324800,48.469,49.894,48.389
2020-08-21,49.231,39212930,49.646,49.813,49.0
2020-08-24,48.881,47621830,49.5438,50.1,48.316
2020-08-25,49.058,57277210,48.819,49.247,48.509
2020-08-26,54.753,203736800,49.25,54.904,49.2075
2020-08-27,52.627,90629120,53.7775,54.1,52.1247
2020-08-28,52.389,44175170,53.2,53.9,52.2
2020-08-31,52.956,49414090,52.116,53.199,51.758
2020-09-01,55.655,95819070,53.26,55.739,53.245
2020-09-02,55.284,58869300,55.378,55.65,53.7369
2020-09-03,52.575,90710890,54.5,55.4,52.132
2020-09-04,51.605,82701180,52.018,52.736,48.598
2020-09-08,50.702,55726840,49.84,52.2,49.5
2020-09-09,50.019,68481270,51.921,52.0,49.2574
2020-09-10,48.067,62401810,50.335,50.629,47.884
2020-09-11,48.203,50352000,48.6485,49.373,47.681
2020-09-14,47.626,73591260,48.062,48.899,47.13
2020-09-15,49.599,53369920,48.4,49.747,48.163
2020-09-16,48.386,44014120,49.999,50.466,48.331
2020-09-17,47.02,53793010,47.516,47.84,46.327
2020-09-18,46.996,67177110,47.251,47.94,45.86
2020-09-21,48.735,54575390,46.7692,48.7775,46.632
2020-09-22,49.117,34823240,48.901,49.182,47.926
2020-09-23,47.061,37264230,49.104,49.104,46.9
2020-09-24,47.308,37272010,47.053,47.7,46.782
2020-09-25,48.288,37694360,47.439,48.487,46.8026
2020-09-28,49.065,47734970,48.9109,49.2,47.788
2020-09-29,49.348,35431930,48.95,49.6287,48.653
2020-09-30,50.003,46341110,49.257,50.463,48.927
2020-10-01,52.751,81537100,50.603,52.955,50.36
2020-10-02,50.306,60711650,51.643,52.6371,50.27
2020-10-05,52.065,40880690,50.68,52.099,50.17
2020-10-06,50.587,41990340,51.872,52.182,50.416
2020-10-07,53.466,79886830,51.8,53.649,51.5815
2020-10-08,53.179,53864880,53.348,53.5,52.415
2020-10-09,53.944,47812590,53.7834,54.428,53.5
2020-10-12,53.981,53910740,54.881,55.181,53.824
2020-10-13,55.409,56024980,54.056,55.765,53.72
2020-10-14,54.145,95100810,56.261,57.249,54.1
2020-10-15,54.194,51131260,54.552,55.122,53.51
2020-10-16,53.079,63473630,54.95,55.433,53.003
2020-10-19,53.072,75675060,53.707,54.18,52.538
2020-10-20,52.542,100471800,52.814,53.378,52.226
2020-10-21,48.905,174057100,50.103,50.685,48.825
2020-10-22,48.523,69979220,49.469,49.514,48.2
2020-10-23,48.828,49278620,48.811,49.006,48.135
2020-10-26,48.824,61860870,48.7025,49.682,47.89
2020-10-27,48.893,36271750,49.001,49.049,48.293
2020-10-28,48.624,59927310,48.636,49.4,48.328
2020-10-29,50.421,111206900,48.85,51.39,47.934
2020-10-30,47.574,78138970,50.201,50.588,47.221
2020-11-02,48.412,44081930,47.887,48.63,47.5
2020-11-03,48.722,36902130,48.493,49.5305,47.876
2020-11-04,49.695,51373300,49.536,50.773,49.398
2020-11-05,51.376,53727810,50.656,51.8734,50.345
2020-11-06,51.473,42363490,51.5,51.521,50.251
2020-11-09,47.05,104196800,48.554,49.585,46.726
2020-11-10,48.024,83061420,47.095,48.46,46.341
2020-11-11,49.076,54605320,48.3,49.168,47.826
2020-11-12,48.677,50711550,49.1,49.652,48.0426
2020-11-13,48.284,30065100,48.677,48.894,47.78
2020-11-16,47.91,39535630,48.0,48.558,47.73
2020-11-17,48.063,36980820,48.012,48.751,47.8853
2020-11-18,48.179,36292370,48.195,48.861,47.7721
2020-11-19,48.467,22546530,48.2,48.78,48.047
2020-11-20,48.824,42559240,48.522,49.476,48.157
2020-11-23,47.662,54165710,49.046,49.115,47.584
2020-11-24,48.288,35578940,47.884,48.405,47.589
2020-11-25,48.5,35986290,48.513,48.69,47.8919
2020-11-27,49.136,28057620,48.658,49.325,48.1845
2020-11-30,49.07,35309400,49.008,49.255,48.1268
2020-12-01,50.458,50632340,49.234,50.947,49.1981
2020-12-02,50.338,30283580,50.162,50.6795,49.35
2020-12-03,49.752,28261160,50.299,50.877,49.604
2020-12-04,49.831,36662430,49.75,50.45,49.364
2020-12-07,51.578,42892930,50.001,51.776,49.777
2020-12-08,51.266,42289500,51.79,52.1491,50.555
2020-12-09,49.36,41787680,51.053,51.45,49.129
2020-12-10,50.109,30182030,49.456,50.377,49.291
2020-12-11,50.322,32109280,49.5,50.334,49.485
2020-12-14,52.242,57704240,50.544,52.416,50.118
2020-12-15,51.978,33982090,51.85,52.47,51.356
2020-12-16,52.483,36823920,52.011,52.738,51.769
2020-12-17,53.29,31933770,52.9,53.549,52.644
2020-12-18,53.445,45026920,53.32,53.637,52.602
2020-12-21,52.891,38939640,53.005,53.262,52.115
2020-12-22,52.733,19085290,52.769,53.04,52.05
2020-12-23,51.448,23931870,52.476,52.632,51.42
2020-12-24,51.397,11439520,51.512,51.9345,51.221
2020-12-28,51.912,28918670,51.643,52.366,50.713
2020-12-29,53.087,40223580,51.99,53.6548,51.548
2020-12-30,52.459,18762860,53.013,53.3258,52.369
2020-12-31,54.073,53923220,52.553,54.55,52.315
2021-01-04,52.286,44444070,53.9,54.08,51.5085
2021-01-05,52.08,31338720,52.155,52.678,51.589
2021-01-06,50.049,53462100,51.197,51.31,49.95
2021-01-07,50.889,36864480,50.828,51.644,50.642
2021-01-08,51.04,29739490,51.131,51.324,50.451
2021-01-11,49.91,38127200,50.784,51.0725,49.795
2021-01-12,49.425,59904250,50.0,50.109,48.567
2021-01-13,50.779,50320990,49.5501,51.2354,49.301
2021-01-14,50.086,41773570,50.735,51.45,49.958
2021-01-15,49.798,58957880,50.0,50.632,49.51
2021-01-19,50.177,123158100,50.1,50.925,49.3543
2021-01-20,58.634,326374500,56.542,59.3288,55.686
2021-01-21,57.984,118406300,58.245,58.875,57.04
2021-01-22,56.517,75508220,58.21,58.399,56.435
2021-01-25,55.678,72073290,56.7,56.975,54.865
2021-01-26,56.193,50238470,55.473,56.799,55.406
2021-01-27,52.328,86702770,55.071,55.6419,51.573
2021-01-28,53.86,59689780,53.588,55.3148,53.074
2021-01-29,53.239,43252640,53.8,54.1,53.018
2021-02-01,53.904,35475070,53.679,54.506,53.173
2021-02-02,54.816,37675690,54.201,55.548,53.8935
2021-02-03,53.945,31722880,55.017,55.048,53.8243
2021-02-04,55.216,51645370,53.981,55.948,53.751
2021-02-05,55.079,23761750,55.226,55.444,54.5478
2021-02-08,54.792,27917210,55.5,55.5,54.37
2021-02-09,55.907,37034990,54.6,56.6,54.3
2021-02-10,56.359,39912640,56.25,56.665,55.3463
2021-02-11,55.759,27305870,56.4442,56.593,55.422
2021-02-12,55.652,21971280,55.694,56.125,55.085
2021-02-16,55.728,26240970,55.7286,56.363,55.273
2021-02-17,55.134,20715900,55.099,55.525,54.303
2021-02-18,54.822,24576040,54.9,55.0,53.8227
2021-02-19,54.022,28414570,54.8,54.899,53.8813
2021-02-22,53.378,30785940,53.499,54.179,53.079
2021-02-23,54.615,41365320,52.5004,54.854,51.828
2021-02-24,55.341,32450380,53.98,55.685,53.9065
2021-02-25,54.67,42528790,55.027,55.648,53.575
2021-02-26,53.885,37555740,54.651,55.309,53.8
2021-03-01,55.064,30421800,54.5573,55.214,54.2
2021-03-02,54.782,30422260,55.334,55.699,54.602
2021-03-03,52.07,53624430,54.593,54.8005,51.781
2021-03-04,51.129,50347920,52.15,53.15,50.768
2021-03-05,51.639,50699730,51.198,51.776,49.879
2021-03-08,49.333,39817580,51.446,51.884,49.285
2021-03-09,50.644,34700420,50.731,51.311,50.3822
2021-03-10,50.454,37714840,51.35,51.897,50.425
2021-03-11,52.306,47144690,51.2205,53.0235,51.071
2021-03-12,51.802,39817430,51.25,52.651,50.659
2021-03-15,52.025,34855190,51.632,52.0729,50.803
2021-03-16,52.403,32388880,52.447,53.342,52.321
2021-03-17,52.444,28173760,52.2,52.8365,51.43
2021-03-18,50.479,40966060,51.6396,51.79,50.385
2021-03-19,51.218,43863600,50.496,51.319,50.163
2021-03-22,52.311,33605870,50.913,52.931,50.913
2021-03-23,53.509,55834610,52.987,54.312,52.94
2021-03-24,52.081,41022110,53.378,53.442,52.0
2021-03-25,50.286,49267640,51.699,51.853,49.7
2021-03-26,50.805,34677970,50.282,50.872,49.668
2021-03-29,51.395,33300490,50.566,51.8,50.44
2021-03-30,51.339,24181290,51.0505,51.441,50.691
2021-03-31,52.166,35031110,51.5675,52.813,51.544
2021-04-01,53.942,39386370,52.993,54.05,52.703
2021-04-05,54.067,33559040,54.001,54.285,52.923
2021-04-06,54.453,34742050,54.481,55.4165,54.33
2021-04-07,54.699,21513190,54.35,54.964,54.145
2021-04-08,55.458,43098290,55.113,55.6899,54.757
2021-04-09,55.531,28940340,55.269,55.69,54.711
2021-04-12,55.278,29440600,55.105,55.798,54.958
2021-04-13,55.373,27203440,55.7,55.975,55.03
2021-04-14,54.002,37402940,55.487,55.487,53.853
2021-04-15,54.922,31390500,54.417,55.349,54.266
2021-04-16,54.654,32090750,55.054,55.198,53.951
2021-04-19,55.444,42887150,54.69,55.644,54.553
2021-04-20,54.957,112576500,55.442,56.356,54.63
2021-04-21,50.89,228974500,50.8,51.546,50.36
2021-04-22,50.878,90610620,51.382,51.396,50.055
2021-04-23,50.555,73146590,50.901,50.97,50.07
2021-04-26,51.03,43888390,50.676,51.048,50.3
2021-04-27,50.555,37613270,51.262,51.299,50.4581
2021-04-28,50.652,31929830,50.52,50.8395,50.334
2021-04-29,50.9,51277920,50.76,50.929,49.9
2021-04-30,51.347,44132420,50.5,51.455,50.5
2021-05-03,50.911,40918950,51.265,51.895,50.52
2021-05-04,50.318,43495020,51.078,51.163,49.679
2021-05-05,49.608,31293660,50.499,50.7784,49.463
2021-05-06,49.955,37836980,49.599,49.955,49.137
2021-05-07,50.384,31327860,50.462,50.855,50.112
2021-05-10,48.669,51316320,50.2,50.315,48.611
2021-05-11,49.508,44010000,47.975,49.799,47.863
2021-05-12,48.498,41215400,48.683,49.354,48.27
2021-05-13,48.666,27165610,48.913,49.0775,48.271
2021-05-14,49.337,28824640,48.786,49.485,48.659
2021-05-17,48.894,27010570,48.559,49.271,48.281
2021-05-18,48.628,23504960,48.8395,49.3478,48.619
2021-05-19,48.77,33499300,48.1625,48.857,47.854
2021-05-20,50.167,37212180,48.955,50.27,48.8975
2021-05-21,49.789,33229250,50.312,50.54,49.726
2021-05-24,50.29,24125950,50.105,50.425,49.951
2021-05-25,50.134,26994590,50.6,50.6365,49.922
2021-05-26,50.236,24653030,50.234,50.414,50.05
2021-05-27,50.386,32537730,50.18,50.51,49.854
2021-05-28,50.281,29112970,50.44,51.176,50.253
2021-06-01,49.908,24825550,50.401,50.541,49.7744
2021-06-02,49.924,22689790,49.982,50.322,49.582
2021-06-03,48.943,38874450,49.519,49.666,48.725
2021-06-04,49.474,31604870,49.2,50.186,49.095
2021-06-07,49.466,27919320,49.2917,49.67,49.055
2021-06-08,49.239,23740370,49.7,49.882,48.937
2021-06-09,48.581,30550290,49.45,49.609,48.465
2021-06-10,48.727,43829280,48.7165,49.021,48.214
2021-06-11,48.877,31239690,49.0,49.141,48.778
2021-06-14,49.989,44002220,48.968,50.35,48.691
2021-06-15,49.19,31040730,50.123,50.123,49.04
2021-06-16,49.241,35332060,49.5,49.646,48.628
2021-06-17,49.834,31982730,49.025,50.18,49.015
2021-06-18,50.077,51975760,49.64,50.449,49.524
2021-06-21,49.7,52772970,50.164,50.205,49.228
2021-06-22,50.882,58092710,49.854,51.355,49.5795
2021-06-23,51.274,39447820,50.848,51.663,50.82
2021-06-24,51.806,33612020,51.796,52.096,51.44
2021-06-25,52.707,52990720,52.884,53.306,52.5
2021-06-28,53.303,28202270,52.812,53.394,52.456
2021-06-29,53.35,23146470,53.355,53.613,52.857
2021-06-30,52.821,27734450,53.4055,53.438,52.682
2021-07-01,53.354,28054020,52.572,53.704,52.572
2021-07-02,53.398,19803160,53.55,53.8535,52.939
2021-07-06,54.164,27750510,53.3,54.286,53.3
2021-07-07,53.596,27224980,54.424,54.464,53.166
2021-07-08,53.076,32689880,53.093,53.55,52.909
2021-07-09,53.598,27772310,53.1,53.826,52.858
2021-07-12,53.731,17807380,54.03,54.065,53.292
2021-07-13,54.068,27515930,53.576,54.533,53.576
2021-07-14,54.795,46595350,54.101,55.41,54.101
2021-07-15,54.295,57138730,55.397,55.754,53.82
2021-07-16,53.031,34421010,54.181,54.406,52.705
2021-07-19,53.228,38857640,52.605,53.4913,52.224
2021-07-20,53.105,69304400,52.607,53.664,52.03
2021-07-21,51.363,119067900,52.613,53.099,50.561
2021-07-22,51.177,43280610,51.0206,51.368,50.7
2021-07-23,51.541,38204780,51.216,51.741,50.466
2021-07-26,51.649,22545380,51.438,52.113,50.901
2021-07-27,51.891,27590370,51.808,52.195,51.205
2021-07-28,51.93,23904660,52.182,52.447,51.698
2021-07-29,51.425,17360140,51.996,52.078,51.3793
2021-07-30,51.757,25371070,51.269,51.979,51.0964
2021-08-02,51.515,20966320,51.9,51.985,51.051
2021-08-03,51.082,25794270,51.439,51.563,50.537
2021-08-04,51.735,20393740,51.3,51.798,51.037
2021-08-05,52.489,25566870,51.713,52.541,51.402
2021-08-06,52.055,19197980,52.4,52.684,51.939
2021-08-09,51.997,13677820,52.1147,52.267,51.799
2021-08-10,51.584,19605440,52.0,52.079,51.2965
2021-08-11,51.24,16739040,51.7,51.957,50.977
2021-08-12,51.072,16861700,51.186,51.3,50.7201
2021-08-13,51.592,21777360,51.264,52.144,51.151
2021-08-16,51.792,20331760,51.524,52.338,51.23
2021-08-17,51.891,23098030,51.5465,52.079,51.42
2021-08-18,52.187,25820460,52.0,52.638,51.865
2021-08-19,54.371,74972920,52.274,54.839,52.187
2021-08-20,54.688,37764290,54.509,55.1388,53.91
2021-08-23,55.333,26020100,54.598,55.555,54.374
2021-08-24,55.341,21095250,55.1484,55.5314,54.927
2021-08-25,54.758,20656210,55.016,55.284,54.545
2021-08-26,55.012,15954990,54.616,55.2604,54.59
2021-08-27,55.892,32525950,55.16,56.417,54.925
2021-08-30,56.618,24348390,55.725,56.7165,55.645
2021-08-31,56.919,24318860,56.612,56.948,56.1611
2021-09-01,58.207,56262140,56.9,59.1,56.9
2021-09-02,58.855,61847820,58.368,59.8757,58.368
2021-09-03,59.053,26840050,58.58,59.1878,58.314
2021-09-07,60.671,58309790,59.469,61.385,59.399
2021-09-08,60.605,54245030,60.384,61.56,59.571
2021-09-09,59.754,29542140,60.647,60.944,59.655
2021-09-10,59.872,39507640,59.816,60.945,59.367
2021-09-13,58.929,30628710,59.857,59.857,58.2775
2021-09-14,57.776,34569580,58.489,58.728,57.556
2021-09-15,58.287,27556150,57.817,58.462,57.537
2021-09-16,58.65,18320280,58.43,58.748,57.772
2021-09-17,58.935,41451450,58.785,59.028,58.085
2021-09-20,57.543,37322270,58.679,59.153,56.808
2021-09-21,57.314,22508840,57.831,58.188,56.937
2021-09-22,59.065,40218450,57.969,59.565,57.969
2021-09-23,59.326,25261610,59.079,59.932,58.913
2021-09-24,59.239,21262460,59.25,59.298,58.364
2021-09-27,59.264,25047380,58.795,59.358,57.693
2021-09-28,58.385,44310510,58.9,59.9535,58.016
2021-09-29,59.906,62210260,58.901,60.988,58.801
2021-09-30,61.034,66160400,60.805,61.9,60.805
2021-10-01,61.315,40908470,60.424,61.499,59.7505
2021-10-04,60.335,49959320,61.339,62.6125,59.468
2021-10-05,63.481,95342930,60.694,64.039,60.689
2021-10-06,63.91,45804340,62.818,63.987,62.636
2021-10-07,63.185,35568860,64.2225,64.684,63.045
2021-10-08,63.266,32720930,63.4165,64.38,63.086
2021-10-11,62.704,28624700,63.3195,63.942,62.678
2021-10-12,62.494,32273490,63.302,63.7655,62.199
2021-10-13,62.976,24246380,63.2179,63.2179,62.21
2021-10-14,63.38,26725350,63.223,63.688,62.679
2021-10-15,62.829,41168740,63.8,63.942,62.516
2021-10-18,63.797,46690710,63.21,63.841,62.059
2021-10-19,63.9,76331470,63.6969,64.1,63.23
2021-10-20,62.514,106220000,62.5573,63.74,61.715
2021-10-21,65.316,84370700,62.889,65.401,62.865
2021-10-22,66.478,61860160,65.181,66.546,65.181
2021-10-25,67.166,38335260,66.374,67.588,65.707
2021-10-26,66.852,29048400,67.376,67.649,66.277
2021-10-27,66.292,22769140,66.9,67.141,66.185
2021-10-28,67.405,28594090,67.0949,67.68,66.803
2021-10-29,69.031,38252790,67.306,69.097,67.124
2021-11-01,68.117,31109110,68.906,68.997,67.654
2021-11-02,67.772,38885970,68.311,68.768,67.382
2021-11-03,68.829,23348520,67.727,68.939,67.727
2021-11-04,66.84,48650230,68.589,68.594,66.55
2021-11-05,64.572,52834880,66.397,66.564,64.501
2021-11-08,65.145,28875230,65.029,65.6,64.379
2021-11-09,65.599,24156300,65.37,66.05,65.052
2021-11-10,64.691,24057850,65.301,66.0331,64.211
2021-11-11,65.758,28683110,65.024,66.582,64.9705
2021-11-12,68.261,41984100,66.001,68.334,65.382
2021-11-15,67.933,28721860,68.1235,68.526,67.149
2021-11-16,68.74,20773870,67.827,68.836,67.69
2021-11-17,69.169,27328310,69.0,70.0989,68.609
2021-11-18,68.202,20149920,69.161,69.174,67.9735
2021-11-19,67.88,26148520,69.235,69.416,67.5
2021-11-22,65.92,27653180,67.602,67.948,65.647
2021-11-23,65.406,23209170,65.818,66.643,64.605
2021-11-24,65.829,18672820,65.801,66.144,65.11
2021-11-26,66.564,28725130,67.5,67.6405,66.067
2021-11-29,66.384,25293640,66.32,66.799,65.829
2021-11-30,64.19,56089190,66.8198,67.538,64.001
2021-12-01,61.777,38970190,64.948,65.452,61.707
2021-12-02,61.647,33311310,61.71,62.536,61.288
2021-12-03,60.213,48292820,62.275,62.55,59.4
2021-12-06,61.269,30756720,60.601,61.729,60.1
2021-12-07,62.558,31251900,61.983,62.889,61.14
2021-12-08,62.808,22203080,63.0,63.2455,62.32
2021-12-09,61.1,23763210,62.758,63.024,61.044
2021-12-10,61.166,27487740,61.678,61.774,60.588
2021-12-13,60.456,25179150,61.2,61.264,59.952
2021-12-14,59.799,29845360,59.871,60.229,58.813
2021-12-15,60.504,28661960,59.818,60.569,58.451
2021-12-16,59.106,31432170,59.709,60.2831,58.8
2021-12-17,58.673,44337060,59.161,59.325,58.174
2021-12-20,59.374,33584040,58.643,60.2885,58.426
2021-12-21,60.492,23193900,59.7543,60.782,59.3861
2021-12-22,61.424,23357450,60.336,61.482,60.263
2021-12-23,61.409,16211460,61.64,61.688,60.757
2021-12-27,61.312,20622330,61.5,61.5,60.925
2021-12-28,61.071,18841160,61.495,61.841,60.969
2021-12-29,61.054,12875130,61.071,61.398,60.468
2021-12-30,61.209,16250930,61.299,62.061,61.124
2021-12-31,60.244,19959180,61.001,61.4075,60.205
2022-01-03,59.737,30688080,60.561,60.999,59.056
2022-01-04,59.115,43931350,59.991,60.041,58.16
2022-01-05,56.752,41487490,59.2,59.284,56.688
2022-01-06,55.329,57117950,55.434,56.336,54.201
2022-01-07,54.106,33828730,54.946,55.343,53.8218
2022-01-10,53.985,44861450,53.849,54.369,52.632
2022-01-11,54.084,30778360,53.699,54.391,53.007
2022-01-12,53.722,37873720,54.427,54.427,53.202
2022-01-13,51.92,44750630,53.706,54.079,51.826
2022-01-14,52.569,78611090,51.76,53.837,51.188
2022-01-18,51.08,48444180,52.008,52.175,50.868
2022-01-19,51.586,43535080,51.5,52.321,51.051
2022-01-20,50.825,126589900,51.775,52.664,50.693
2022-01-21,39.75,589042700,40.0425,40.915,37.999
2022-01-24,38.715,323867800,38.391,38.726,35.146
2022-01-25,36.642,151458200,37.914,38.771,36.513
2022-01-26,35.97,126839800,37.827,38.266,35.662
2022-01-27,38.67,243247500,38.206,39.48,37.81
2022-01-28,38.436,119666100,38.676,38.7,37.208
2022-01-31,42.714,200474500,40.197,42.77,39.82
2022-02-01,45.713,225681000,43.296,45.848,42.554
2022-02-02,42.948,143460100,44.825,45.198,42.648
2022-02-03,40.56,99052100,42.144,42.926,40.428
2022-02-04,41.017,77897980,40.731,41.277,39.6639
2022-02-07,40.21,82328590,41.017,41.235,39.355
2022-02-08,40.353,68185430,39.818,40.661,39.583
2022-02-09,41.289,77382270,40.865,41.298,39.879
2022-02-10,40.627,84529150,40.21,40.8,39.636
2022-02-11,39.131,75589390,40.533,41.161,38.765
2022-02-14,39.657,72021550,38.759,40.936,38.6891
2022-02-15,40.746,53956410,40.379,40.9162,40.101
2022-02-16,39.808,52776500,40.153,40.156,39.0384
2022-02-17,38.667,46692220,39.4235,39.911,38.57
2022-02-18,39.129,68016680,39.253,40.287,38.9047
2022-02-22,37.738,66975150,38.895,39.242,37.302
2022-02-23,36.746,46142900,38.272,38.6,36.666
2022-02-24,39.003,70687240,35.509,39.073,35.472
2022-02-25,39.08,48416360,38.661,39.129,37.558
2022-02-28,39.452,50350460,38.733,39.775,38.213
2022-03-01,38.624,32904390,39.16,39.5,38.3705
2022-03-02,38.003,53568090,38.893,38.922,37.521
2022-03-03,36.807,60768360,38.6,38.612,36.465
2022-03-04,36.173,53291800,36.8,37.4819,35.717
2022-03-07,35.026,57083830,36.041,36.1995,35.02
2022-03-08,34.176,64286550,34.98,35.886,34.067
2022-03-09,35.879,65201860,35.7685,36.414,35.0509
2022-03-10,35.677,48077670,35.62,36.702,35.33
2022-03-11,34.032,48199250,36.119,36.336,34.0
2022-03-14,33.101,59078170,33.872,34.132,32.982
2022-03-15,34.375,54606400,33.51,34.536,33.236
2022-03-16,35.753,69824690,34.82,35.999,34.306
2022-03-17,37.14,58183480,35.97,37.331,35.488
2022-03-18,38.06,83248250,37.2,38.18,36.847
2022-03-21,37.459,48664630,37.802,38.182,36.894
2022-03-22,38.292,42427620,37.114,38.666,36.676
2022-03-23,37.449,37289540,37.977,38.246,37.449
2022-03-24,37.571,38884610,37.976,37.976,36.89
2022-03-25,37.385,35759530,37.707,37.764,36.643
2022-03-28,37.851,43234350,37.523,38.028,36.673
2022-03-29,39.182,58807230,38.439,39.65,38.033
2022-03-30,38.147,40233010,38.955,39.27,37.8625
2022-03-31,37.459,41347200,38.359,38.4,37.361
2022-04-01,37.347,46442370,37.68,38.087,36.85
2022-04-04,39.15,70092350,37.355,39.602,37.313
2022-04-05,38.015,42345080,38.93,39.0,37.7305
2022-04-06,36.835,43548850,37.415,37.647,36.273
2022-04-07,36.215,49489090,36.5,36.854,35.369
2022-04-08,35.588,40251830,36.196,36.25,35.4865
2022-04-11,34.8,37770960,35.0,35.478,34.52
2022-04-12,34.41,38242610,35.591,35.941,34.225
2022-04-13,35.043,32309500,34.392,35.2,34.1155
2022-04-14,34.113,43438370,35.095,35.2,33.986
2022-04-18,33.786,51050410,34.0,34.236,33.1615
2022-04-19,34.861,209068900,33.322,35.168,33.322
2022-04-20,22.619,1333875000,24.52,24.87,21.251
2022-04-21,21.822,535016000,22.0,22.768,21.152
2022-04-22,21.552,375151300,22.018,22.627,21.005
2022-04-25,20.991,281520500,21.381,21.666,20.451
2022-04-26,19.84,203180900,20.88,20.915,19.8277
2022-04-27,18.854,222983900,19.4005,20.019,18.777
2022-04-28,19.952,213631600,19.156,20.148,18.56
2022-04-29,19.036,163918900,19.868,20.471,19.0
2022-05-02,19.946,145916000,19.171,20.0214,19.001
2022-05-03,19.987,118394300,19.829,20.32,19.477
2022-05-04,20.401,122187800,19.765,20.438,19.101
2022-05-05,18.832,139713300,20.045,20.071,18.6
2022-05-06,18.097,171854800,18.675,18.721,17.581
2022-05-09,17.31,140313300,17.7655,18.32,17.23
2022-05-10,17.766,138839100,17.601,18.1871,17.057
2022-05-11,16.637,126655200,17.609,18.092,16.555
2022-05-12,17.431,176621200,16.396,17.758,16.271
2022-05-13,18.764,131363300,17.716,18.777,17.601
2022-05-16,18.651,161450100,19.33,19.589,18.57
2022-05-17,19.056,98766850,18.917,19.14,18.517
2022-05-18,17.719,96656320,18.672,18.77,17.627
2022-05-19,18.348,104485100,17.8045,18.63,17.571
2022-05-20,18.635,104294000,18.5867,19.019,17.977
2022-05-23,18.744,96020270,18.615,18.766,17.789
2022-05-24,18.034,77063720,18.2,18.4,17.717
2022-05-25,18.783,85220920,18.028,18.887,18.017
2022-05-26,19.14,80499330,18.649,19.234,18.3092
2022-05-27,19.519,85859870,19.319,19.525,19.0372
2022-05-31,19.744,113984600,19.618,19.995,19.08
2022-06-01,19.291,84161510,19.87,20.274,19.1661
2022-06-02,20.509,96231210,19.202,20.547,19.172
2022-06-03,19.898,71917750,20.014,20.295,19.805
2022-06-06,19.714,53720430,20.209,20.387,19.538
2022-06-07,19.861,48394910,19.487,19.96,19.3
2022-06-08,20.283,72441210,19.795,20.738,19.764
2022-06-09,19.277,69489670,20.065,20.169,19.254
2022-06-10,18.294,130742800,18.264,18.586,18.085
2022-06-13,16.969,102224100,17.707,17.909,16.8957
2022-06-14,16.754,115553200,16.975,17.2062,16.428
2022-06-15,18.011,123960400,16.9258,18.3845,16.853
2022-06-16,17.335,82013060,17.4,17.627,17.156
2022-06-17,17.551,121333700,17.363,17.965,17.334
2022-06-21,17.091,121775900,17.76,17.8619,16.98
2022-06-22,17.889,120106200,17.075,18.282,17.02
2022-06-23,18.171,95382260,18.05,18.276,17.587
2022-06-24,19.085,124239700,18.35,19.119,18.184
2022-06-27,18.914,83638790,19.177,19.178,18.239
2022-06-28,17.96,72018970,18.92,19.22,17.937
2022-06-29,17.836,57668470,17.955,18.0665,17.51
2022-06-30,17.487,78947100,17.707,17.945,17.03
2022-07-01,17.995,52015830,17.649,18.01,17.427
2022-07-05,18.588,73390230,17.628,18.592,17.268
2022-07-06,18.406,57533850,18.52,18.622,18.082
2022-07-07,18.927,63345450,18.427,19.021,18.35
2022-07-08,18.6975,58356800,18.602,18.991,18.275
2022-07-11,17.734,60484470,18.473,18.499,17.689
2022-07-12,17.445,68452640,17.733,17.9784,17.342
2022-07-13,17.656,127344200,17.05,17.918,16.9702
2022-07-14,17.478,90394570,17.556,17.752,17.182
2022-07-15,18.911,163191200,17.558,18.922,17.456
2022-07-18,19.092,163228500,19.25,19.967,18.98
2022-07-19,20.163,281787200,19.302,20.197,18.84
2022-07-20,21.644,539202700,20.817,21.697,20.01
2022-07-21,22.388,234301200,21.43,22.432,21.15
2022-07-22,22.044,178054500,22.238,22.935,21.844
2022-07-25,21.851,109352500,22.131,22.523,21.635
2022-07-26,21.391,95085320,21.666,21.939,21.164
2022-07-27,22.675,105083900,21.648,22.778,21.458
2022-07-28,22.602,89727380,22.46,22.81,21.967
2022-07-29,22.49,90649370,22.329,23.075,22.24
2022-08-01,22.621,55250440,22.3095,22.839,22.1
2022-08-02,22.142,63613270,22.276,22.82,22.088
2022-08-03,22.673,64007010,22.479,22.81,22.242
2022-08-04,22.991,71427410,22.768,23.207,22.505
2022-08-05,22.678,55397330,22.53,22.862,22.287
2022-08-08,23.349,109974100,22.749,24.196,22.641
2022-08-09,22.994,61811940,23.162,23.22,22.465
2022-08-10,24.411,92547600,23.699,24.454,23.6596
2022-08-11,24.27,87800620,24.468,25.162,24.151
2022-08-12,24.93,60985310,24.481,24.941,24.376
2022-08-15,24.911,65273910,24.811,25.199,24.751
2022-08-16,24.569,51368060,24.716,24.929,24.403
2022-08-17,24.115,56272240,24.118,24.424,23.756
2022-08-18,24.517,52803870,24.196,24.6479,23.928
2022-08-19,24.116,75047070,24.095,24.329,23.568
2022-08-22,22.654,86300940,23.255,23.3475,22.459
2022-08-23,22.455,52769450,22.646,22.99,22.43
2022-08-24,22.961,54263160,22.566,23.41,22.394
2022-08-25,23.398,37668670,23.024,23.416,22.9
2022-08-26,22.328,53498480,23.3625,23.695,22.315
2022-08-29,22.457,71093970,22.193,22.987,22.152
2022-08-30,22.065,57404340,22.666,22.979,21.874
2022-08-31,22.356,86159060,22.7,23.3879,22.343
2022-09-01,23.004,72929170,22.072,23.037,21.947
2022-09-02,22.611,81648830,23.103,23.3881,22.504
2022-09-06,21.839,74690160,22.559,22.685,21.469
2022-09-07,22.896,81493290,22.021,22.933,21.8268
2022-09-08,22.744,67374360,22.416,22.8735,22.13
2022-09-09,23.357,67020600,22.962,23.478,22.962
2022-09-12,23.653,60474250,23.361,23.949,23.337
2022-09-13,21.813,80001280,22.65,22.769,21.772
2022-09-14,22.412,82303400,21.982,22.8,21.58
2022-09-15,23.538,194541200,23.047,24.2287,22.91
2022-09-16,24.013,189141800,23.122,24.1355,22.783
2022-09-19,24.363,179123700,24.505,24.525,23.575
2022-09-20,24.285,160374300,24.037,25.049,23.966
2022-09-21,23.687,91667720,24.267,24.83,23.668
2022-09-22,23.705,100179700,23.535,24.05,23.166
2022-09-23,22.641,112072300,23.514,23.645,22.143
2022-09-26,22.407,82342850,22.56,23.27,22.301
2022-09-27,22.436,77622230,22.863,23.064,22.072
2022-09-28,24.52,175796700,22.969,24.665,22.738
2022-09-29,23.971,189949400,24.161,24.698,23.568
2022-09-30,23.544,118486100,23.7,24.244,23.326
2022-10-03,23.904,86574430,23.785,24.154,23.285
2022-10-04,24.074,139258500,24.484,24.58,23.325
2022-10-05,23.673,108256300,23.876,24.159,22.738
2022-10-06,24.002,91889400,23.668,24.428,23.391
2022-10-07,22.475,98061280,23.577,23.733,22.428
2022-10-10,22.998,99911450,22.564,23.383,22.423
2022-10-11,21.429,152824100,22.605,23.044,21.37
2022-10-12,22.087,129526400,21.43,22.367,21.264
2022-10-13,23.251,175050100,21.269,23.447,21.173
2022-10-14,23.0,152934000,23.78,23.88,22.951
2022-10-17,24.51,210578200,23.441,24.9922,23.44
2022-10-18,24.086,257767300,24.98,25.037,23.773
2022-10-19,27.238,466852600,26.5,27.93,26.266
2022-10-20,26.816,172071000,27.278,27.8376,26.638
2022-10-21,28.957,248890600,26.895,29.075,26.568
2022-10-24,28.245,133264200,29.023,29.049,28.036
2022-10-25,29.102,151007200,28.695,29.759,28.555
2022-10-26,29.862,157492500,29.004,30.563,28.804
2022-10-27,29.694,146125900,29.833,30.521,29.478
2022-10-28,29.572,99605470,29.77,30.119,29.2292
2022-10-31,29.188,75051330,29.513,29.762,28.95
2022-11-01,28.675,69164240,29.617,29.97,28.642
2022-11-02,27.3,103676200,28.64,28.733,27.284
2022-11-03,26.906,70573500,27.125,27.629,26.88
2022-11-04,26.079,111246900,27.202,27.497,25.532
2022-11-07,25.86,79270330,26.106,26.1155,25.209
2022-11-08,26.346,76838260,25.992,26.608,25.688
2022-11-09,25.466,72659940,25.966,26.09,25.422
2022-11-10,27.497,96673230,26.599,27.536,26.009
2022-11-11,29.013,95738340,27.447,29.066,27.1558
2022-11-14,29.927,179734000,29.0,31.1,28.819
2022-11-15,31.02,146269300,30.92,31.271,30.255
2022-11-16,30.602,80385560,30.994,31.049,30.361
2022-11-17,29.528,98382200,29.472,29.982,29.1
2022-11-18,28.798,84001080,29.733,29.8,28.7
2022-11-21,28.505,72565070,29.1,29.187,28.266
2022-11-22,28.669,62451190,28.499,28.698,27.734
2022-11-23,29.15,59189880,28.591,29.247,28.376
2022-11-25,28.554,32359530,28.9,28.921,28.417
2022-11-28,28.117,47070490,28.4,28.955,28.053
2022-11-29,28.096,57868740,28.25,28.296,27.594
2022-11-30,30.553,160701200,28.137,30.826,28.041
2022-12-01,31.695,146648700,30.399,31.98,30.303
2022-12-02,32.041,126906000,31.049,32.199,31.0
2022-12-05,31.259,84230290,31.646,32.277,31.092
2022-12-06,30.556,71953950,31.1,31.3223,30.313
2022-12-07,30.842,78216340,30.65,30.961,30.21
2022-12-08,31.026,72053260,30.911,31.238,30.481
2022-12-09,32.001,143640300,32.145,32.9,31.952
2022-12-12,31.518,101486100,32.0,32.318,30.885
2022-12-13,32.034,107564300,32.8,33.2724,31.7199
2022-12-14,31.783,75432910,31.897,32.471,31.442
2022-12-15,29.041,177245600,30.212,30.339,28.655
2022-12-16,29.071,140800500,28.876,29.472,28.87
2022-12-19,28.83,61636670,28.973,29.225,28.613
2022-12-20,28.819,69181140,28.124,28.928,28.081
2022-12-21,29.796,63761730,28.999,30.066,28.65
2022-12-22,29.775,78561920,29.809,29.888,29.0813
2022-12-23,29.4965,42511080,29.618,29.8461,29.191
2022-12-27,28.417,57780980,29.319,29.357,28.213
2022-12-28,27.688,59643690,28.192,28.519,27.341
2022-12-29,29.112,95885270,28.318,29.55,28.101
2022-12-30,29.488,75668920,28.553,29.501,28.322
2023-01-03,29.495,67639640,29.806,29.839,28.87
2023-01-04,30.941,93450540,29.824,31.1135,29.551
2023-01-05,30.97,83283900,30.7,31.418,30.4545
2023-01-06,31.555,89598390,31.157,31.677,30.369
2023-01-09,31.517,67666280,31.683,32.17,31.322
2023-01-10,32.754,130722900,31.107,32.935,31.107
2023-01-11,32.726,95796810,32.65,32.888,32.135
2023-01-12,33.013,108562500,33.25,33.295,32.314
2023-01-13,33.282,82868160,32.997,33.665,32.8885
2023-01-17,32.622,92469870,33.108,33.25,32.36
2023-01-18,32.633,78141150,32.675,33.008,32.125
2023-01-19,31.578,180082000,32.257,32.489,31.339
2023-01-20,34.25,284303400,33.679,34.4,33.2625
2023-01-23,35.742,156468500,34.1715,36.2245,34.0633
2023-01-24,36.383,117965300,35.753,36.565,35.514
2023-01-25,36.796,77669070,36.057,36.89,35.8501
2023-01-26,36.487,82568440,36.877,36.902,36.17
2023-01-27,36.077,67035480,36.32,36.592,36.059
2023-01-30,35.311,51275930,35.844,36.095,35.2855
2023-01-31,35.386,56607380,34.998,35.595,34.871
2023-02-01,36.199,80051700,35.386,36.5385,34.991
2023-02-02,36.689,78569520,36.516,36.832,35.843
2023-02-03,36.59,94020340,35.908,37.943,35.9
2023-02-06,36.148,49949420,36.3642,36.845,36.068
2023-02-07,36.295,62893680,35.851,36.418,35.418
2023-02-08,36.683,62531790,36.002,36.8193,35.831
2023-02-09,36.25,69011000,37.241,37.383,36.1744
2023-02-10,34.736,72910960,35.916,36.214,34.714
2023-02-13,35.857,71344450,34.95,35.9703,34.425
2023-02-14,35.996,46247580,35.755,36.375,35.34
2023-02-15,36.142,39699450,35.663,36.288,35.424
2023-02-16,35.071,52157260,35.5,36.15,35.031
2023-02-17,34.796,52947270,34.7905,34.9,34.244
2023-02-21,33.75,57102920,34.285,34.4125,33.6418
2023-02-22,33.488,45462490,33.75,34.191,33.282
2023-02-23,32.365,132386700,33.123,33.128,31.43
2023-02-24,31.715,68306920,31.93,32.15,31.452
2023-02-27,32.303,61425800,32.387,33.0,32.2121
2023-02-28,32.213,36760750,32.37,32.762,32.117
2023-03-01,31.348,49113110,32.155,32.66,31.236
2023-03-02,31.188,49210530,31.096,31.557,31.038
2023-03-03,31.518,59533190,31.545,31.749,31.082
2023-03-06,31.203,56607430,31.7,32.33,31.1841
2023-03-07,30.847,45530820,31.2675,31.43,30.6623
2023-03-08,31.179,34794740,30.929,31.183,30.575
2023-03-09,29.778,74433500,31.208,31.251,29.488
2023-03-10,29.276,57593150,29.7905,29.879,28.9
2023-03-13,29.351,62923850,28.734,29.924,28.533
2023-03-14,29.494,59566920,29.597,29.745,29.031
2023-03-15,30.379,92153400,29.251,30.631,29.228
2023-03-16,31.006,79123710,30.475,31.66,30.171
2023-03-17,30.35,69187770,31.006,31.076,30.0
2023-03-20,30.513,51134300,29.979,30.75,29.6
2023-03-21,30.579,48862790,30.632,30.792,30.043
2023-03-22,29.39,58080350,30.631,30.645,29.354
2023-03-23,32.037,156533500,30.468,32.278,30.414
2023-03-24,32.839,130040900,32.063,33.183,32.063
2023-03-27,32.766,86257630,32.755,33.644,32.441
2023-03-28,32.352,64893880,32.606,33.332,32.128
2023-03-29,33.203,62873360,32.629,33.285,32.573
2023-03-30,33.843,71314680,34.027,34.329,33.53
2023-03-31,34.548,56101610,34.005,34.584,33.72
2023-04-03,34.828,44136500,34.183,34.858,34.04
2023-04-04,34.675,32980720,34.849,34.98,34.395
2023-04-05,34.235,42055450,34.53,34.543,33.6253
2023-04-06,33.933,46605420,33.934,34.048,33.263
2023-04-10,33.899,26578980,33.527,33.988,33.336
2023-04-11,33.821,40447780,34.345,34.714,33.7635
2023-04-12,33.103,39654400,34.081,34.28,33.004
2023-04-13,34.619,74064370,33.999,34.643,33.875
2023-04-14,33.863,53505080,34.294,34.4853,33.641
2023-04-17,33.272,61360470,33.8,33.839,32.75
2023-04-18,33.37,179445000,33.5,33.719,33.05
2023-04-19,32.312,221282700,32.421,32.575,31.61
2023-04-20,32.535,99478000,32.039,33.143,31.833
2023-04-21,32.798,63480000,32.3,32.829,31.95
2023-04-24,32.902,55866270,33.02,33.466,32.675
2023-04-25,32.255,54266420,32.85,32.8655,32.11
2023-04-26,32.115,46232380,32.136,32.59,32.047
2023-04-27,32.585,56187680,32.43,32.745,31.744
2023-04-28,32.993,42283740,32.524,33.0808,32.4
2023-05-01,32.412,53414840,32.9435,33.123,31.809
2023-05-02,31.755,43186120,32.5,32.607,31.562
2023-05-03,31.93,50640570,31.755,32.462,31.585
2023-05-04,32.078,38796570,31.901,32.361,31.795
2023-05-05,32.276,39906370,32.361,32.415,31.944
2023-05-08,33.121,54885930,32.299,33.256,32.203
2023-05-09,33.214,55448520,33.067,33.632,32.974
2023-05-10,33.542,42898970,33.521,33.711,32.951
2023-05-11,34.476,80335310,33.498,34.547,33.184
2023-05-12,33.989,60823600,34.476,34.8166,33.7364
2023-05-15,33.589,36529700,34.062,34.19,33.554
2023-05-16,33.375,33348630,33.4,33.517,33.191
2023-05-17,33.996,39588070,33.176,34.138,32.9615
2023-05-18,37.129,209252400,34.725,37.587,34.637
2023-05-19,36.536,78597030,36.986,36.999,36.381
2023-05-22,36.301,54064200,36.536,37.201,36.25
2023-05-23,35.599,68660780,36.024,36.417,35.431
2023-05-24,36.485,79733160,35.693,36.7151,35.6625
2023-05-25,35.9,62631050,35.961,36.745,35.742
2023-05-26,37.888,93604360,36.11,38.376,35.6
2023-05-30,39.298,108649900,39.748,40.511,38.579
2023-05-31,39.523,69880470,39.189,39.626,38.891
2023-06-01,40.313,71601450,39.741,40.752,39.308
2023-06-02,40.047,59023810,40.289,40.658,39.59
2023-06-05,40.354,72474130,40.047,41.386,40.015
2023-06-06,39.929,49915320,40.5,40.512,39.693
2023-06-07,39.977,119323900,41.043,41.895,39.923
2023-06-08,40.937,59910870,39.977,40.954,39.634
2023-06-09,42.002,123728300,42.45,42.59,41.476
2023-06-12,42.397,59677120,41.883,42.47,41.6567
2023-06-13,43.573,78205350,43.001,43.727,42.84
2023-06-14,44.086,84130890,43.499,44.733,43.35
2023-06-15,44.527,70999150,44.41,44.865,43.95
2023-06-16,43.196,87537400,44.615,44.751,43.09
2023-06-20,43.47,47623130,43.018,44.0,43.0
2023-06-21,42.445,51464410,43.265,43.455,42.254
2023-06-22,42.248,48722460,42.293,42.471,41.868
2023-06-23,42.402,82986000,41.859,42.582,41.773
2023-06-26,41.594,46400220,42.2435,43.096,41.49
2023-06-27,41.708,48180660,41.739,42.0879,41.15
2023-06-28,42.984,88113420,42.31,43.7292,42.289
2023-06-29,42.824,49323100,43.433,43.785,42.615
2023-06-30,44.049,73463940,43.11,44.412,43.11
2023-07-03,44.144,37284610,43.976,44.1545,43.162
2023-07-05,44.59,68754140,44.491,45.097,43.9624
2023-07-06,43.884,49448920,44.0,44.28,43.072
2023-07-07,43.81,41651440,43.86,44.2325,43.5835
2023-07-10,44.171,42517370,43.852,44.441,43.682
2023-07-11,44.021,45745590,43.865,44.08,43.1042
2023-07-12,44.405,57316570,44.455,44.5409,43.7749
2023-07-13,45.038,61574750,44.7,45.167,44.1177
2023-07-14,44.191,71958600,45.2785,45.648,43.97
2023-07-17,45.005,69011410,44.557,45.668,44.5105
2023-07-18,47.48,131968800,45.1,47.815,44.878
2023-07-19,47.759,209964800,47.686,48.5,47.0
2023-07-20,43.742,239897100,44.7,44.85,43.2
2023-07-21,42.75,173400300,43.737,43.824,42.319
2023-07-24,42.837,82824340,42.5,42.864,41.919
2023-07-25,42.77,48598430,42.718,43.088,42.613
2023-07-26,42.267,60092420,42.42,42.526,41.559
2023-07-27,41.317,65944660,42.69,42.752,41.188
2023-07-28,42.578,64280730,41.556,42.747,41.376
2023-07-31,43.897,65876190,42.651,43.913,42.63
2023-08-01,43.862,57255440,43.737,44.525,43.14
2023-08-02,42.97,49217810,43.523,43.556,42.656
2023-08-03,43.1,62593090,42.78,44.193,42.719
2023-08-04,43.16,54418110,43.306,43.65,42.627
2023-08-07,44.076,47813030,43.6455,44.111,42.8906
2023-08-08,43.83,37671950,44.036,44.357,43.51
2023-08-09,42.89,38466390,43.974,44.062,42.759
2023-08-10,42.998,54676070,43.112,43.812,42.869
2023-08-11,42.166,39279140,42.898,43.0632,42.1328
2023-08-14,42.778,39659630,42.199,42.8845,41.878
2023-08-15,42.37,33679980,42.441,42.912,42.104
2023-08-16,41.545,39670210,42.373,42.451,41.525
2023-08-17,40.3,60314690,41.5,41.524,40.1582
2023-08-18,40.453,43121960,39.933,40.652,39.815
2023-08-21,40.829,38615790,40.223,40.961,39.95
2023-08-22,41.317,36032730,40.9,41.574,40.74
2023-08-23,42.755,81747320,41.84,43.702,41.771
2023-08-24,40.693,56877990,42.541,42.759,40.6165
2023-08-25,41.603,53909330,41.2,41.925,40.7564
2023-08-28,41.806,29286130,41.804,41.983,41.327
2023-08-29,42.999,44867030,41.6,43.217,41.45
2023-08-30,43.467,36253800,43.085,43.816,42.835
2023-08-31,43.368,38029540,43.123,43.715,43.123
2023-09-01,43.988,47933790,43.7725,44.55,43.593
2023-09-05,44.868,61558650,43.839,45.345,43.8
2023-09-06,44.576,38622740,44.861,45.139,44.049
2023-09-07,44.314,29226760,44.115,44.46,43.67
2023-09-08,44.28,27043530,44.356,44.681,43.885
2023-09-11,44.536,29137670,44.307,44.989,44.275
2023-09-12,43.469,31240240,44.285,44.544,43.412
2023-09-13,41.224,118430300,43.55,43.84,41.069
2023-09-14,40.049,107090400,41.04,41.139,40.0
2023-09-15,39.694,91167450,40.1,40.47,39.503
2023-09-18,39.44,47047060,39.55,39.9465,39.26
2023-09-19,39.62,40800540,39.284,39.823,39.0245
2023-09-20,38.63,38666190,39.705,39.7985,38.612
2023-09-21,38.415,55563880,38.65,39.59,38.342
2023-09-22,37.981,36997960,38.5,38.688,37.836
2023-09-25,38.48,37572780,38.29,38.662,38.081
2023-09-26,37.925,40893920,38.288,38.456,37.7355
2023-09-27,37.759,38435210,38.24,38.4223,37.625
2023-09-28,37.636,43699060,37.56,37.896,37.11
2023-09-29,37.76,42052980,38.0,38.258,37.535
2023-10-02,38.033,31021010,37.748,38.4808,37.68
2023-10-03,37.675,88781340,37.711,39.49,37.2849
2023-10-04,37.69,43036580,37.65,38.022,37.358
2023-10-05,37.259,50347730,37.801,37.86,36.724
2023-10-06,38.151,47781180,36.843,38.252,36.777
2023-10-09,38.595,32998020,37.805,38.717,37.7755
2023-10-10,37.332,72889390,38.558,38.87,37.225
2023-10-11,36.593,91513950,37.2775,37.781,36.534
2023-10-12,36.12,73760860,36.648,36.883,35.905
2023-10-13,35.568,63163200,35.564,35.893,35.205
2023-10-16,36.082,51289470,35.621,36.308,35.477
2023-10-17,35.572,59084120,36.11,36.2705,35.389
2023-10-18,34.619,114296400,35.1,35.479,34.473
2023-10-19,40.177,280744200,40.474,40.895,39.226
2023-10-20,40.096,127829200,40.563,41.064,39.801
2023-10-23,40.684,73900320,40.332,40.754,39.852
2023-10-24,41.373,64592470,40.968,41.669,40.839
2023-10-25,41.125,62995870,41.602,41.884,41.011
2023-10-26,40.354,68497020,41.142,41.731,40.1544
2023-10-27,39.787,49976120,40.642,41.021,39.562
2023-10-30,41.008,53171470,40.235,41.282,39.941
2023-10-31,41.169,38776230,40.924,41.252,40.463
2023-11-01,42.019,48061080,41.477,42.06,41.418
2023-11-02,42.471,44759840,42.117,42.669,41.71
2023-11-03,43.236,36670510,42.876,43.4815,42.553
2023-11-06,43.474,30032350,43.438,43.503,42.961
2023-11-07,43.461,32910640,43.618,43.764,43.1
2023-11-08,43.665,23568450,43.5,43.807,43.368
2023-11-09,43.515,27355070,43.803,44.038,43.435
2023-11-10,44.724,44432840,43.748,44.748,43.551
2023-11-13,44.462,28961430,44.725,44.843,44.26
2023-11-14,44.865,40608840,44.878,45.4075,44.564
2023-11-15,46.194,50352830,45.281,46.275,45.245
2023-11-16,46.695,36559740,46.3,46.728,45.965
2023-11-17,46.591,28002140,46.695,46.765,46.276
2023-11-20,47.447,36210950,46.54,47.6756,46.54
2023-11-21,47.495,29977230,47.263,47.702,47.121
2023-11-22,47.8,28438910,47.68,48.27,47.656
2023-11-24,47.956,14047320,47.711,48.04,47.52
2023-11-27,47.917,36259240,47.903,48.2,47.535
2023-11-28,47.9,28901640,47.811,48.05,47.595
2023-11-29,47.719,28555400,47.9,48.0988,47.449
2023-11-30,47.397,42873490,47.531,47.8591,47.042
2023-12-01,46.574,43414710,47.317,47.523,46.46
2023-12-04,45.39,51577130,46.099,46.12,45.12
2023-12-05,45.515,33806740,45.07,45.639,44.958
2023-12-06,44.673,41787550,46.0,46.05,44.573
2023-12-07,45.2,35067220,45.085,45.2885,44.832
2023-12-08,45.376,34583840,45.076,45.55,45.076
2023-12-11,45.989,49296620,45.936,47.065,45.721
2023-12-12,46.3,33026600,46.523,46.561,45.9196
2023-12-13,47.998,58201920,46.198,48.125,46.198
2023-12-14,46.983,51764370,48.036,48.076,46.476
2023-12-15,47.206,78409920,46.73,47.3,46.73
2023-12-18,48.612,64106600,47.63,49.204,47.5095
2023-12-19,49.502,38490140,48.84,49.614,48.406
2023-12-20,48.927,45636900,49.2,50.089,48.839
2023-12-21,49.161,27562250,49.266,49.44,48.677
2023-12-22,48.676,27026720,49.4,49.602,48.545
2023-12-26,49.119,20345170,48.939,49.148,48.638
2023-12-27,49.179,25613300,49.124,49.4015,48.925
2023-12-28,49.051,17104920,49.2,49.289,48.907
2023-12-29,48.688,27405550,49.037,49.223,48.1935
2024-01-02,46.85,50494230,48.3185,48.465,46.186
2024-01-03,47.026,34436940,46.732,47.505,46.5773
2024-01-04,47.467,36365130,47.298,48.0739,46.653
2024-01-05,47.406,26312500,47.65,47.9545,47.1804
2024-01-08,48.503,36757750,47.389,48.524,47.365
2024-01-09,48.209,35267570,47.553,48.5085,47.38
2024-01-10,47.833,43424480,48.16,48.7,47.295
2024-01-11,49.223,79932650,49.254,50.341,48.382
2024-01-12,49.216,50037180,50.051,50.079,49.061
2024-01-16,48.124,46789740,49.0,49.415,47.802
2024-01-17,48.033,48945930,48.45,48.621,47.5264
2024-01-18,48.531,40543990,48.003,48.577,47.802
2024-01-19,48.295,56723510,48.498,48.567,47.606
2024-01-22,48.571,52123090,48.755,48.98,47.99
2024-01-23,49.219,155060200,49.2,49.896,48.14
2024-01-24,54.487,264328000,53.775,56.25,53.707
2024-01-25,56.2,94519150,55.195,56.346,54.846
2024-01-26,57.042,127705700,56.181,57.964,55.8432
2024-01-29,57.579,69053900,57.135,57.855,56.268
2024-01-30,56.285,61817980,56.732,57.088,56.082
2024-01-31,56.411,48575990,56.285,57.215,56.2045
2024-02-01,56.751,31740020,56.702,57.266,56.383
2024-02-02,56.464,40328430,56.452,56.78,56.237
2024-02-05,56.206,41430990,56.247,57.575,55.7195
2024-02-06,55.588,28403000,56.412,56.634,55.437
2024-02-07,55.93,43735910,55.816,56.78,55.498
2024-02-08,55.853,31754680,56.055,56.37,55.574
2024-02-09,56.132,30556980,56.5,56.6,55.81
2024-02-12,55.785,36084870,56.036,56.844,55.7
2024-02-13,55.452,35114530,55.08,55.92,54.9
2024-02-14,57.933,56342260,56.726,58.1248,56.434
2024-02-15,59.346,52209380,58.191,59.377,58.032
2024-02-16,58.395,43256890,59.695,59.7,57.746
2024-02-20,57.513,31242360,58.018,58.6,56.966
2024-02-21,57.335,22811430,57.351,57.5775,56.732
2024-02-22,58.847,35265970,58.275,59.085,57.8885
2024-02-23,58.356,25688520,58.64,59.243,57.982
2024-02-26,58.765,23937120,58.356,59.075,58.327
2024-02-27,60.167,44893550,59.5,60.536,59.233
2024-02-28,59.648,26052420,59.579,59.817,59.001
2024-02-29,60.292,35720820,60.425,60.4516,59.516
2024-03-01,61.934,42703050,59.981,62.028,59.95
2024-03-04,61.583,30203060,62.156,62.442,61.508
2024-03-05,59.85,38495630,61.01,61.091,59.2
2024-03-06,59.769,24695920,60.299,60.793,59.3556
2024-03-07,60.851,27428050,59.934,61.053,59.59
2024-03-08,60.482,27772430,60.827,61.609,60.084
2024-03-11,60.093,25009400,60.808,61.1,60.037
2024-03-12,61.108,28216310,60.021,61.53,59.627
2024-03-13,60.945,21920940,61.337,61.485,60.721
2024-03-14,61.301,31204520,61.5,62.08,60.735
2024-03-15,60.588,66716290,62.292,62.292,60.382
2024-03-18,61.839,33442440,61.356,62.741,61.0448
2024-03-19,62.074,21426130,61.562,62.128,60.8
2024-03-20,62.769,26395090,61.995,62.9505,61.834
2024-03-21,62.271,25076710,63.065,63.4362,62.233
2024-03-22,62.801,21356880,62.416,62.905,62.1
2024-03-25,62.746,18032640,62.79,63.046,62.316
2024-03-26,62.924,28044530,62.52,63.439,61.9184
2024-03-27,61.353,26282670,62.901,63.135,61.073
2024-03-28,60.733,37088030,61.499,61.5,60.159
2024-04-01,61.431,21159250,60.8,61.511,60.5571
2024-04-02,61.421,20292170,61.1,61.503,60.551
2024-04-03,63.008,29312310,61.2745,63.041,61.15
2024-04-04,61.714,30643490,63.321,63.8,61.658
2024-04-05,63.618,33788420,62.492,63.791,62.271
2024-04-08,62.841,21457310,63.639,63.9,62.811
2024-04-09,61.82,21466350,63.199,63.199,61.5635
2024-04-10,61.858,28062480,61.097,62.014,60.934
2024-04-11,62.878,26626620,62.442,63.166,61.724
2024-04-12,62.283,29592690,62.823,63.312,61.8915
2024-04-15,60.715,30853940,63.017,63.017,60.3871
2024-04-16,61.752,35191220,60.75,62.245,60.75
2024-04-17,61.369,33122220,62.097,62.097,60.771
2024-04-18,61.056,84684070,61.21,62.133,60.5435
2024-04-19,55.504,164497000,56.788,57.9,55.216
2024-04-22,55.46,85976510,55.066,55.861,54.201
2024-04-23,57.775,49755200,55.649,57.921,55.528
2024-04-24,55.512,53553120,57.431,57.6907,55.13
2024-04-25,56.48,38071010,54.946,56.654,54.5705
2024-04-26,56.123,43325930,55.821,56.292,55.319
2024-04-29,55.949,25088820,55.918,55.964,55.424
2024-04-30,55.064,33614920,56.0,56.0,54.9375
2024-05-01,55.171,34732330,54.784,56.039,54.425
2024-05-02,56.515,30682280,55.602,56.546,55.559
2024-05-03,57.934,33075240,56.6,58.026,56.516
2024-05-06,59.697,36863370,58.182,59.734,58.025
2024-05-07,60.6,36140920,59.628,60.605,59.132
2024-05-08,60.947,30939040,60.163,61.822,60.163
2024-05-09,61.209,20653750,61.44,61.572,60.575
2024-05-10,61.087,26535860,61.9,62.398,60.506
2024-05-13,61.659,20861970,61.43,61.8219,60.683
2024-05-14,61.366,27923580,61.517,62.148,60.84
2024-05-15,61.352,56706070,61.857,62.41,60.91
2024-05-16,61.052,30563500,61.575,61.834,60.909
2024-05-17,62.11,37827080,61.7,62.579,61.4714
2024-05-20,64.082,38578530,62.04,64.437,61.952
2024-05-21,65.061,29201550,63.676,65.088,63.422
2024-05-22,64.047,21761740,64.714,64.925,63.812
2024-05-23,63.567,23139390,64.234,64.271,63.0
2024-05-24,64.675,26152600,63.94,65.2,63.76
2024-05-28,64.9,26094510,64.705,64.975,64.303
2024-05-29,65.462,36959350,64.413,66.425,64.389
2024-05-30,64.766,23933540,65.352,65.649,64.473
2024-05-31,64.162,40710230,64.401,64.858,62.83
2024-06-03,63.379,23235060,64.5215,64.678,62.727
2024-06-04,63.162,30081510,63.378,63.523,62.644
2024-06-05,65.027,26826140,63.402,65.125,62.825
2024-06-06,64.852,24666640,64.489,65.799,64.4237
2024-06-07,64.147,18766310,64.938,65.04,64.024
2024-06-10,64.45,20667590,64.101,64.479,63.559
2024-06-11,64.855,21674170,64.072,65.019,64.052
2024-06-12,65.006,20943810,65.221,65.578,64.311
2024-06-13,65.326,18635870,64.4,65.525,64.235
2024-06-14,66.938,44471160,65.505,67.558,65.264
2024-06-17,67.583,36311840,66.911,68.271,66.511
2024-06-18,68.567,29437750,67.563,68.706,67.464
2024-06-20,67.903,25850890,68.18,68.988,67.372
2024-06-21,68.612,45570860,68.326,68.69,67.81
2024-06-24,66.902,39163350,68.5,68.55,66.45
2024-06-25,67.241,22787680,67.344,67.3665,66.23
2024-06-26,67.769,35458150,67.241,68.296,67.002
2024-06-27,68.434,24048490,67.935,68.857,67.814
2024-06-28,67.488,34123910,67.9,68.7,67.308
2024-07-01,67.361,22128260,67.489,67.502,66.378
2024-07-02,67.958,24114260,67.354,68.174,67.007
2024-07-03,68.251,14035450,67.748,68.375,67.55
2024-07-05,69.065,26590650,68.251,69.749,67.723
2024-07-08,68.574,19307860,68.7,68.886,68.1485
2024-07-09,68.574,25994740,69.0,69.527,68.472
2024-07-10,67.765,26519280,68.502,68.722,67.316
2024-07-11,65.275,51119280,67.2485,67.2485,64.744
2024-07-12,64.76,33551970,65.275,65.592,64.3708
2024-07-15,65.645,32087630,64.75,66.754,64.663
2024-07-16,65.632,26857060,66.18,66.3675,64.913
2024-07-17,64.746,40172770,65.0,65.045,63.947
2024-07-18,64.304,75757630,65.66,65.704,63.9165
2024-07-19,63.334,98156310,66.064,67.897,62.912
2024-07-22,64.75,52190770,63.95,65.629,63.26
2024-07-23,64.276,24635790,64.75,64.991,64.1
2024-07-24,63.599,48881630,63.574,65.242,63.2674
2024-07-25,63.409,45545390,64.1,64.998,62.17
2024-07-26,63.137,31206590,64.5,64.699,62.977
2024-07-29,62.696,24005370,63.461,63.461,62.393
2024-07-30,62.258,34966090,63.017,63.469,61.7
2024-07-31,62.835,31348770,62.657,63.36,62.258
2024-08-01,62.485,37205730,62.925,64.671,61.761
2024-08-02,61.364,35230030,62.098,62.527,60.835
2024-08-05,59.855,40442350,58.704,60.4563,58.704
2024-08-06,60.957,43190570,60.062,62.245,60.062
2024-08-07,61.148,31877910,61.6065,63.2,61.064
2024-08-08,63.035,32835420,62.199,63.229,61.602
2024-08-09,63.394,19808360,62.299,63.662,62.299
2024-08-12,63.314,23317120,63.1,63.9,62.707
2024-08-13,64.802,26395710,63.856,65.097,63.55
2024-08-14,66.168,40143440,64.87,66.357,64.87
2024-08-15,66.322,32101730,66.849,67.319,65.98
2024-08-16,67.407,35110140,66.943,68.023,66.536
2024-08-19,68.853,30162270,67.407,68.884,67.291
2024-08-20,69.854,48131180,68.886,71.133,68.8245
2024-08-21,69.712,22353430,69.7,70.1,69.138
2024-08-22,68.896,27293890,69.1,70.15,68.624
2024-08-23,68.673,23544500,69.413,69.607,67.863
2024-08-26,68.844,13541540,68.726,69.059,68.1638
2024-08-27,69.572,31648780,68.853,70.789,68.692
2024-08-28,68.384,24305830,69.583,69.667,67.71
2024-08-29,69.248,21869740,69.0,69.98,68.607
2024-08-30,70.135,32667230,70.036,70.186,68.816
2024-09-03,67.532,31609640,70.01,70.386,67.101
2024-09-04,67.968,17853370,67.331,68.465,67.306
2024-09-05,68.362,18100720,67.314,68.731,67.186
2024-09-06,66.577,29912650,68.186,68.3152,66.234
2024-09-09,67.542,26831110,67.4,68.35,67.214
2024-09-10,67.362,20791820,67.687,68.059,66.5805
2024-09-11,68.147,23919240,67.746,68.297,66.08
2024-09-12,68.68,25884370,68.492,69.488,68.22
2024-09-13,69.706,22764820,68.001,69.964,68.0
2024-09-16,69.65,18437450,70.0,70.302,68.8632
2024-09-17,70.691,22986300,70.082,70.763,69.837
2024-09-18,69.047,29844110,70.755,70.755,68.8
2024-09-19,70.432,42284800,70.5,71.566,69.537
2024-09-20,70.103,39980620,70.555,70.6673,69.631
2024-09-23,70.537,32243440,70.239,71.225,69.916
2024-09-24,72.226,35657310,70.6625,72.244,70.445
2024-09-25,72.156,22597750,72.1,72.512,71.621
2024-09-26,71.143,28329620,72.473,72.526,70.172
2024-09-27,70.735,23956130,70.836,71.071,70.1251
2024-09-30,70.927,17115080,70.7,71.121,70.2819
2024-10-01,70.613,28134820,71.364,71.776,69.859
2024-10-02,71.109,17581670,70.613,71.621,70.4688
2024-10-03,70.68,22564490,70.426,70.881,70.0
2024-10-04,71.97,22301390,71.332,72.101,70.882
2024-10-07,70.192,33605200,71.4755,71.588,69.643
2024-10-08,72.176,31874020,70.388,72.506,70.3546
2024-10-09,72.743,19810700,71.925,72.859,71.887
2024-10-10,73.029,27678620,72.329,73.385,72.25
2024-10-11,72.279,22995250,73.49,73.6,72.122
2024-10-14,71.3,27970710,72.5,72.662,71.1311
2024-10-15,70.598,29327520,71.251,71.34,69.9781
2024-10-16,70.2,24942760,70.343,70.559,69.782
2024-10-17,68.765,89266720,70.435,70.4412,67.788
2024-10-18,76.389,159741200,73.764,76.6281,73.623
2024-10-21,77.207,60570930,76.576,77.3,75.66
2024-10-22,76.424,29872520,76.527,76.97,76.112
2024-10-23,74.929,37490070,76.283,76.379,74.426
2024-10-24,75.455,26429620,75.197,75.582,74.625
2024-10-25,75.468,28194730,75.617,76.85,75.353
2024-10-28,74.912,28624050,75.868,75.868,74.788
2024-10-29,75.944,36604330,75.113,76.388,74.801
2024-10-30,75.374,17220020,75.808,75.979,75.2278
2024-10-31,75.603,30577090,75.393,76.079,75.223
2024-11-01,75.61,29968290,75.348,76.38,74.777
2024-11-04,75.551,19021940,75.314,76.248,74.969
2024-11-05,76.391,22006450,75.735,76.753,75.627
2024-11-06,78.021,36908170,77.15,78.149,75.738
2024-11-07,79.654,32950740,78.137,79.822,77.994
2024-11-08,79.504,19106260,79.736,79.906,78.865
2024-11-11,80.544,23991500,79.59,80.6823,79.5565
2024-11-12,81.95,28140640,80.75,82.037,80.375
2024-11-13,83.047,27677720,82.2615,83.699,82.0537
2024-11-14,83.726,30382310,83.367,84.1,83.002
2024-11-15,82.396,36737200,83.204,83.204,81.649
2024-11-18,84.705,40840810,81.55,84.845,80.933
2024-11-19,87.132,38142270,83.975,87.449,83.916
2024-11-20,88.385,40938430,87.998,89.06,86.84
2024-11-21,89.748,45112630,88.393,90.8,87.724
2024-11-22,89.779,32140200,89.6,90.6,89.3
2024-11-25,86.559,60142030,90.205,90.205,86.422
2024-11-26,87.26,31382590,86.749,88.636,86.725
2024-11-27,87.734,25782220,87.206,88.095,85.891
2024-11-29,88.681,20272370,88.217,89.241,87.668
2024-12-02,89.774,23889660,88.751,90.234,88.412
2024-12-03,90.217,24016340,89.436,90.269,88.8025
2024-12-04,91.106,26896290,89.805,91.597,89.805
2024-12-05,91.787,28353070,91.785,92.7,91.1107
2024-12-06,93.474,29553830,91.523,93.527,91.271
2024-12-09,91.369,33500820,92.8,93.03,90.259
2024-12-10,91.335,23885750,91.376,92.288,90.958
2024-12-11,93.656,35016910,92.471,94.175,92.308
2024-12-12,92.555,24861970,93.335,93.4089,92.26
2024-12-13,91.887,24858290,91.681,92.555,90.961
2024-12-16,92.108,26748920,92.394,92.894,91.95
2024-12-17,91.913,24594560,92.154,92.845,91.642
2024-12-18,88.955,29381940,91.913,92.244,88.656
2024-12-19,90.204,28155120,90.818,91.2622,89.9
2024-12-20,90.905,45305190,89.321,91.9924,89.0487
2024-12-23,91.145,23393750,91.342,91.5,89.91
2024-12-24,93.212,23202930,91.5,93.585,91.17
2024-12-26,92.414,23424180,92.84,93.049,91.53
2024-12-27,90.755,32261580,91.601,91.813,89.45
2024-12-30,90.043,22029700,89.451,90.823,88.971
2024-12-31,89.132,18758970,90.18,90.268,88.947
2025-01-02,88.673,23156850,89.55,89.858,87.7
2025-01-03,88.105,29700190,89.313,89.883,87.989
2025-01-06,88.179,34576560,88.876,89.283,87.169
2025-01-07,87.919,26498230,87.938,88.8,86.911
2025-01-08,87.5,23479490,88.0,88.6215,87.3
2025-01-10,83.769,48033120,86.64,86.641,83.44
2025-01-13,84.029,30245170,83.1525,84.707,82.914
2025-01-14,82.84,30376500,84.32,84.4893,82.3519
2025-01-15,84.826,31813830,83.644,85.084,83.041
2025-01-16,84.237,40285370,86.096,86.898,84.202
2025-01-17,85.81,36175650,85.979,86.5,85.213
2025-01-21,86.968,98513510,86.353,91.64,85.4745
2025-01-22,95.399,142732100,99.8025,99.9,95.076
2025-01-23,98.486,77521370,95.781,98.5,95.39
2025-01-24,97.759,45503970,98.441,98.628,96.768
2025-01-27,97.189,46342040,97.11,98.227,96.026
2025-01-28,97.183,34339720,96.671,97.7934,95.73
2025-01-29,97.815,29307280,98.0,98.764,96.8235
2025-01-30,97.324,38678250,98.675,99.459,97.001
2025-01-31,97.676,36187180,97.4,99.0289,97.4
2025-02-03,97.894,37241970,97.3,98.7689,96.4375
2025-02-04,99.487,60001370,98.047,100.8,97.851
2025-02-05,101.111,39977330,98.773,101.1825,98.668
2025-02-06,101.568,31342930,100.787,101.635,100.261
2025-02-07,101.393,32128530,101.7,102.776,100.567
2025-02-10,102.76,32965660,102.305,103.285,101.588
2025-02-11,100.808,33317970,102.079,102.269,100.295
2025-02-12,102.731,33889660,100.549,102.774,99.8347
2025-02-13,104.369,34760680,102.6625,104.599,102.51
2025-02-14,105.86,31454300,104.495,106.45,104.169
2025-02-18,103.585,42293390,106.0,106.2,102.3749
2025-02-19,104.333,26000480,103.518,104.5,102.451
2025-02-20,102.454,31118310,104.2,104.5,101.5594
2025-02-21,100.315,37387100,102.942,103.238,99.939
2025-02-24,98.847,44262270,100.8,101.517,98.448
2025-02-25,97.724,47383040,98.94,99.44,95.5
2025-02-26,99.006,33972050,97.76,100.089,97.69
2025-02-27,96.307,37665660,99.5,100.0726,96.1825
2025-02-28,98.056,47174090,96.956,98.227,95.817
2025-03-03,97.37,39074470,98.3,99.493,96.481
2025-03-04,97.258,43928140,97.161,98.6313,94.821
2025-03-05,99.092,38079350,97.362,99.56,96.948
2025-03-06,90.636,78525590,97.299,97.369,89.9
2025-03-07,89.111,77374880,89.764,90.4886,85.807
2025-03-10,86.668,69953090,87.507,88.127,85.45
2025-03-11,89.51,73989340,86.741,91.068,86.6
2025-03-12,91.968,68658370,91.46,92.718,90.1
2025-03-13,89.017,50016980,91.3,92.1889,88.751
2025-03-14,91.8,52006840,90.146,91.9625,90.1
2025-03-17,95.002,75431460,93.995,96.763,93.442
2025-03-18,92.998,60094000,94.0,94.825,91.63
2025-03-19,95.949,66623610,93.577,96.8,92.4
2025-03-20,95.084,44663050,95.001,96.7,94.55
2025-03-21,96.029,59054290,94.1635,96.3653,94.095
2025-03-24,97.199,46778710,96.967,97.7,95.155
2025-03-25,99.728,37822450,97.818,99.87,97.711
2025-03-26,97.065,35347070,99.381,99.679,96.632
2025-03-27,97.672,30472370,97.422,98.9,96.6366
2025-03-28,93.385,44227170,97.2,97.498,92.923
2025-03-31,93.253,46340750,92.053,93.448,90.059
2025-04-01,92.838,35199560,92.75,93.229,91.15
2025-04-02,93.552,32568860,92.3,94.9548,91.611
2025-04-03,91.705,58646220,90.18,94.6592,90.047
2025-04-04,85.586,67988060,89.65,90.6628,85.387
2025-04-07,86.783,66568230,82.7845,90.674,82.11
2025-04-08,87.04,56253820,91.244,92.242,85.77
2025-04-09,94.547,74979740,85.593,95.143,85.44
2025-04-10,92.117,51297550,93.194,94.1235,89.4
2025-04-11,91.829,40736380,92.0,94.486,90.668
2025-04-14,93.128,40358950,93.27,94.898,91.9498
2025-04-15,97.628,77119820,95.0,99.345,94.8
2025-04-16,96.163,60661130,97.628,98.121,94.9165
2025-04-17,97.303,88937350,96.9,98.4702,95.6
2025-04-21,98.791,97757470,98.44,101.9,97.305
2025-04-22,104.034,93688730,100.53,106.497,100.452
2025-04-23,104.959,64718760,104.7225,106.125,103.2
2025-04-24,109.687,63818960,104.8,110.1,104.702
2025-04-25,110.153,39500080,109.704,110.6798,109.1
2025-04-28,111.038,38310880,110.0,111.4,108.262
2025-04-29,112.564,37773290,110.392,112.781,109.548
2025-04-30,113.172,42666760,111.265,113.32,110.111
2025-05-01,113.347,34994970,112.252,114.242,111.183
2025-05-02,115.649,37742820,113.666,115.944,113.332
2025-05-05,113.406,56623170,111.4795,114.402,110.701
2025-05-06,113.769,32566820,112.943,114.766,112.64
2025-05-07,115.541,43523940,113.9175,116.4,113.8
2025-05-08,114.443,37608720,116.162,116.2294,113.92
2025-05-09,114.022,25696330,114.71,115.1,113.322
2025-05-12,111.0,64790790,112.426,113.0,110.293
2025-05-13,113.844,39978690,111.446,114.788,110.63
2025-05-14,115.099,39101470,112.9595,115.29,112.84
2025-05-15,117.798,44640410,114.774,118.7802,114.7647
2025-05-16,119.153,46983530,119.314,119.65,117.939
2025-05-19,119.164,28534150,117.3575,119.164,117.171
2025-05-20,119.202,21330660,118.679,119.3,117.902
2025-05-21,119.463,29766100,118.65,121.122,118.65
2025-05-22,118.797,18615880,119.24,119.875,118.7208
2025-05-23,118.539,21864830,118.4,119.145,117.944
2025-05-27,121.157,29204690,119.533,121.177,119.309
2025-05-28,120.855,18558500,121.027,121.591,120.602
2025-05-29,118.486,33030790,120.8,120.9,117.628
2025-05-30,120.723,46967560,119.833,121.181,118.0925
2025-06-02,121.898,22942160,120.12,121.94,119.625
2025-06-03,121.794,23637620,121.987,122.957,121.118
2025-06-04,123.966,23593810,122.0735,124.256,121.988
2025-06-05,125.052,28217970,124.06,126.281,123.729
2025-06-06,124.1475,25569560,125.941,126.0,123.555
2025-06-09,122.446,24031170,123.888,123.888,122.157
2025-06-10,120.362,44544470,122.752,122.752,118.061
2025-06-11,121.988,23822800,120.26,122.829,119.601
2025-06-12,121.503,20846020,122.259,123.0,121.1965
2025-06-13,121.215,22102530,120.659,122.062,120.189
2025-06-16,122.535,21127970,121.22,122.625,121.22
2025-06-17,122.067,18921260,121.995,123.2357,121.609
2025-06-18,122.229,22810470,122.999,124.2,122.05
2025-06-20,123.141,53481930,123.445,124.85,122.4349
2025-06-23,125.354,26673180,123.8025,125.484,121.501
2025-06-24,127.911,26633070,126.0545,128.2571,125.5
2025-06-25,127.525,21465100,128.684,129.8,127.381
2025-06-26,130.667,26058700,128.0,130.734,128.0
2025-06-27,132.312,40708570,130.688,133.1345,130.1
2025-06-30,133.913,32829080,133.1,134.115,132.121
2025-07-01,129.36,49935670,133.823,133.8774,128.222
2025-07-02,128.486,30488010,129.696,129.995,127.159
2025-07-03,129.718,20062240,129.2,130.226,127.976
2025-07-07,128.962,22737370,129.5,129.5,127.602
2025-07-08,127.531,32925250,129.09,129.325,126.0
2025-07-09,128.828,23844770,127.399,128.829,126.624
2025-07-10,125.059,42364940,128.55,128.96,124.601
2025-07-11,124.511,39571500,125.9786,126.1,123.13
2025-07-14,126.195,27810480,124.491,127.049,124.0
2025-07-15,126.027,28017310,126.2,127.122,124.3245
2025-07-16,125.031,32270220,126.171,127.1,124.982
2025-07-17,127.417,64698770,125.3,127.75,124.48
2025-07-18,120.924,106933100,124.196,124.65,120.101
2025-07-21,123.327,56275910,120.6,123.71,119.8
2025-07-22,119.008,50629700,123.038,123.237,118.75
2025-07-23,117.678,45042640,118.981,119.2619,117.36
2025-07-24,118.076,38455700,117.78,118.35,116.266
2025-07-25,118.049,26292600,117.8415,118.732,117.4383
2025-07-28,117.46,34469580,118.12,119.779,116.853
2025-07-29,116.874,27524890,117.9,117.96,116.329
2025-07-30,118.42,29227310,116.855,118.485,116.61
2025-07-31,115.94,37129490,118.48,119.0,115.774
2025-08-01,115.86,38909500,116.301,117.8505,115.285
2025-08-04,117.099,22447020,116.765,117.7,116.2615
2025-08-05,114.787,26607350,117.1,117.171,114.471
2025-08-06,117.848,33621610,115.352,118.1375,115.187
2025-08-07,118.037,26283210,118.176,119.122,116.82
2025-08-08,121.164,38166890,118.319,121.411,118.037
2025-08-11,121.831,24556480,121.401,122.307,120.193
2025-08-12,122.528,22826270,122.5,123.199,120.6505
2025-08-13,120.444,27623550,123.4,123.712,120.3
2025-08-14,123.056,39046680,120.989,124.409,120.703
2025-08-15,123.895,27678040,123.404,124.6941,122.788
2025-08-18,124.509,21110870,123.563,125.116,123.545
2025-08-19,121.415,37077310,124.02,124.1,119.279
2025-08-20,121.386,24343980,121.8,122.3,119.331
2025-08-21,120.621,20471780,121.143,122.14,119.7635
2025-08-22,120.465,31281330,120.888,121.362,119.823
2025-08-25,121.807,28120360,120.165,123.38,119.9
2025-08-26,122.609,19857140,122.021,123.15,121.22
2025-08-27,122.35,16645260,122.361,122.921,121.3
2025-08-28,123.145,19503360,122.279,123.7891,121.4268
2025-08-29,120.825,32098170,122.797,122.879,120.115
2025-09-02,121.411,23032690,119.7,121.54,118.28
2025-09-03,122.618,24714950,120.514,122.7,120.338
2025-09-04,125.748,30235060,122.32,125.748,122.309
2025-09-05,124.382,23796730,126.0,126.71,123.902
2025-09-08,124.476,19150530,124.854,125.2041,123.2
2025-09-09,126.325,22196550,124.667,126.5721,124.667
2025-09-10,124.771,27010150,126.3975,126.7,124.6355
2025-09-11,120.35,56822860,125.1,125.3445,119.2
2025-09-12,118.844,37849440,120.3055,121.178,118.24
2025-09-15,120.226,29092770,118.84,120.724,117.3208
2025-09-16,120.051,24046860,120.564,120.9,119.728
2025-09-17,122.85,34597960,122.102,123.393,120.6605
2025-09-18,120.778,31691050,122.082,123.3,120.55
2025-09-19,122.697,49475900,121.862,122.995,120.81
2025-09-22,122.737,25468140,122.19,122.976,121.4243
2025-09-23,121.847,24991460,122.733,122.779,120.847
2025-09-24,120.395,27731270,121.861,122.15,119.42
2025-09-25,120.824,19977830,120.309,121.684,119.151
2025-09-26,121.061,19449570,120.542,121.4,120.0
2025-09-29,120.641,30331740,120.5,122.449,118.754
2025-09-30,119.892,38303040,120.641,120.85,117.8
2025-10-01,117.09,41102210,117.549,117.914,116.321
2025-10-02,116.253,46854670,116.15,116.333,113.4
2025-10-03,115.332,31373650,116.5,116.8,114.322
2025-10-06,116.331,29685960,116.037,116.358,114.545
2025-10-07,119.106,33090940,117.779,120.1365,117.746
2025-10-08,121.425,28513530,119.711,121.739,119.2
2025-10-09,123.107,28240770,121.425,123.75,121.182
2025-10-10,122.008,42797760,122.9,124.7,121.91
2025-10-13,121.903,24607830,122.135,123.112,120.681
2025-10-14,121.535,23624460,121.475,122.429,120.31
2025-10-15,120.329,20251940,121.301,121.962,120.161
2025-10-16,118.359,28326190,121.215,121.671,117.6
2025-10-17,119.936,29571010,118.36,120.312,117.895
2025-10-20,123.856,39862350,120.7875,124.776,120.69
2025-10-21,124.135,65082340,124.283,124.86,123.176
2025-10-22,111.637,147890300,114.29,115.76,111.251
2025-10-23,111.359,68497220,112.69,112.7829,109.973
2025-10-24,109.469,60280250,111.1,111.451,109.441
2025-10-27,109.456,46911140,110.067,110.228,108.73
2025-10-28,110.25,40209010,109.4,111.698,109.3008
2025-10-29,110.041,33994870,109.984,110.855,109.6
2025-10-30,108.9,41580990,109.44,110.616,108.811
2025-10-31,111.886,68665000,110.539,113.488,110.198
2025-11-03,110.009,58634390,113.324,113.35,107.515
2025-11-04,109.296,38717800,109.999,110.46,108.668
2025-11-05,109.846,35539170,108.5,110.085,107.337
2025-11-06,109.702,36531700,109.458,110.37,108.513
2025-11-07,110.366,44125340,109.4175,110.822,108.75
2025-11-10,112.007,36929000,110.6715,112.82,110.405
2025-11-11,113.644,27965940,111.76,113.922,111.28
2025-11-12,115.75,39220570,113.817,116.434,112.826
2025-11-13,115.423,40143590,115.85,116.733,114.569
2025-11-14,111.217,47607130,114.273,114.273,110.721
2025-11-17,110.29,26082730,110.75,111.85,109.55
2025-11-18,114.09,43440570,110.29,115.25,109.2
2025-11-19,110.0,31868090,113.0,113.34,108.61
2025-11-20,105.67,36918550,111.0,111.1,105.39
2025-11-21,104.31,41232690,105.13,106.53,103.81
2025-11-24,106.97,62918290,104.25,108.04,103.32
2025-11-25,104.4,35122560,106.12,106.3,103.82
2025-11-26,106.14,27951010,105.74,106.95,105.22
2025-11-28,107.58,15021610,106.435,107.94,106.24
2025-12-01,109.13,24873390,106.51,109.335,106.31
2025-12-02,109.35,25762980,109.205,109.73,107.52
2025-12-03,103.96,53593400,106.59,106.87,102.03
2025-12-04,103.22,51779140,103.57,103.8,101.77
2025-12-05,100.24,133363600,98.775,104.79,97.74
2025-12-08,96.79,100906300,99.87,99.89,95.3
2025-12-09,96.71,51745580,97.03,97.24,95.45
2025-12-10,92.71,74129270,96.735,96.97,92.35
2025-12-11,94.09,43949010,93.895,94.82,92.76
2025-12-12,95.19,49323120,95.5,96.92,94.65
2025-12-15,93.77,40016460,96.015,96.37,93.53
2025-12-16,94.57,34264990,93.88,94.93,93.32
2025-12-17,94.79,50472780,95.98,97.33,94.46
2025-12-18,94.0,37244730,95.02,95.81,93.59
2025-12-19,94.39,78990150,93.57,95.54,93.45
2025-12-22,93.23,39484770,94.71,94.71,92.91
2025-12-23,93.5,25896230,93.395,93.81,91.33
2025-12-24,93.64,12427900,93.11,93.68,92.665
2025-12-26,94.47,22068280,93.48,94.685,93.27
2025-12-29,94.15,24493740,93.99,94.97,93.625
2025-12-30,93.78,23422030,93.52,93.9899,93.34
2025-12-31,93.76,23495190,93.6,94.305,93.2
2026-01-02,90.99,41155400,94.13,94.13,90.8104
2026-01-05,91.46,39183320,90.92,92.63,90.84
2026-01-06,90.65,43330970,91.54,91.64,89.74
2026-01-07,90.73,36525740,91.555,92.419,90.06
2026-01-08,90.53,40068670,90.45,91.25,89.58
2026-01-09,89.46,55579520,90.03,90.05,88.32
2026-01-12,89.41,36290610,89.69,90.335,89.33
2026-01-13,90.32,45221100,89.44,91.15,89.07
2026-01-14,88.55,49737700,91.24,91.58,87.95
2026-01-15,88.05,36945060,89.02,89.89,87.82
2026-01-16,88.0,48130500,88.335,88.51,87.78
2026-01-20,87.26,109729700,88.97,89.9,87.02
2026-01-21,85.36,127940700,82.515,86.0,81.93
2026-01-22,83.54,69113300,85.02,85.1,82.98
2026-01-23,86.12,64520380,83.43,86.3,83.28
2026-01-26,85.7,40941880,86.92,86.94,85.35
2026-01-27,85.58,37790830,85.275,85.6,83.88
2026-01-28,84.64,37762610,85.625,86.47,84.295
2026-01-29,83.16,42278100,84.31,84.38,82.3501
2026-01-30,83.49,45755030,83.1,84.055,82.78
2026-02-02,82.76,41445250,83.53,85.27,82.72
2026-02-03,79.94,49789040,82.23,82.45,79.62
2026-02-04,80.16,48963240,79.99,81.435,79.225
2026-02-05,80.87,54805690,81.49,83.3,80.535
2026-02-06,82.2,46154060,81.02,82.485,80.65
2026-02-09,81.47,42200210,82.18,82.205,79.87
2026-02-10,82.21,43595790,82.715,84.66,82.09
2026-02-11,79.62,40840270,81.96,82.48,79.45
2026-02-12,75.86,73516070,79.11,79.15,75.23
2026-02-13,76.87,42292080,76.14,77.18,75.53
2026-02-17,77.0,35961510,76.92,77.87,75.3
2026-02-18,77.99,29883110,77.32,78.32,76.28
2026-02-19,77.0,30139200,77.75,78.7,76.59
2026-02-20,78.67,32411320,76.61,78.85,76.4
2026-02-23,76.02,38363020,77.79,77.83,75.01
2026-02-24,78.04,33079060,75.73,78.12,75.21
2026-02-25,82.7,69319330,79.43,83.117,79.25
2026-02-26,84.59,85642490,83.2,86.5,82.8
2026-02-27,96.24,200767000,94.295,96.75,90.58
2026-03-02,97.09,79915360,95.26,98.07,95.2
2026-03-03,97.7,59149000,96.01,98.46,95.33
2026-03-04,98.66,52604270,97.105,99.75,96.99
2026-03-05,99.17,53403050,98.5,100.19,98.1
2026-03-06,99.02,41196290,99.33,99.88,97.4
2026-03-09,98.32,48589010,97.7,98.94,96.58
2026-03-10,96.94,41027160,97.805,98.49,96.29
2026-03-11,94.89,33962860,97.41,98.0,94.685
2026-03-12,94.31,34206860,94.86,95.4,93.87
2026-03-13,95.31,29876660,94.64,95.68,94.24
2026-03-16,95.2,34931830,95.58,96.1,94.36
2026-03-17,94.36,26434500,95.3,96.34,94.01
2026-03-18,94.7,27878320,94.445,95.335,93.61
2026-03-19,91.74,40169250,94.31,95.75,90.775
2026-03-20,91.82,61678010,91.31,91.88,90.69
2026-03-23,93.38,34315870,92.04,93.98,91.86
2026-03-24,90.92,28938030,92.79,93.7398,90.815
2026-03-25,92.28,29545630,91.71,92.52,91.235
2026-03-26,93.32,59522030,91.52,95.86,91.01
2026-03-27,93.43,44590670,94.57,95.5799,92.74
2026-03-30,92.97,32375140,92.75,94.49,92.22
2026-03-31,96.15,54269960,93.03,96.26,93.03
2026-04-01,95.55,30439310,96.47,97.2,94.264
2026-04-02,98.66,37068020,95.27,98.71,95.17
2026-04-06,98.93,37029330,100.96,102.685,97.97
2026-04-07,98.82,25016720,98.55,99.875,98.25
2026-04-08,99.39,30957620,100.32,100.4,97.44
2026-04-09,102.05,35087760,99.63,102.34,99.08
2026-04-10,103.01,25769910,102.47,103.08,101.46
2026-04-13,103.16,26042800,103.032,103.665,102.06
2026-04-14,106.28,40534870,103.12,106.57,103.04
2026-04-15,107.71,38023680,105.98,107.85,105.04
2026-04-16,107.79,64928250,107.47,108.945,106.6201
2026-04-17,97.31,125958700,96.37,98.74,95.1
2026-04-20,94.83,63298260,97.14,97.6,93.54
2026-04-21,92.58,61962280,94.0,94.65,92.37
2026-04-22,93.24,33694350,93.06,93.85,92.77
2026-04-23,92.82,36851670,94.06,94.64,92.073
2026-04-24,92.44,32553180,92.57,93.28,91.8
2026-04-27,91.37,29707440,92.05,92.84,91.3
2026-04-28,92.27,33418130,91.5,92.34,90.02
2026-04-29,92.12,26122090,91.23,92.855,90.86
2026-04-30,93.61,40923010,91.35,94.22,90.77
2026-05-01,92.06,30406880,94.42,94.7,91.9
2026-05-04,91.02,25928820,92.1,92.33,90.89
2026-05-05,87.89,51961340,91.18,91.28,87.565
2026-05-06,88.27,41932440,87.15,88.55,86.715
2026-05-07,88.25,30627600,88.2,89.3991,88.13
2026-05-08,87.49,36215110,87.71,88.04,87.21
2026-05-11,85.45,40556460,86.525,87.34,85.1
2026-05-12,87.66,43556600,85.905,89.17,85.81
2026-05-13,87.56,30823500,86.565,88.62,86.28
2026-05-14,86.94,29408300,87.62,88.5,86.65
2026-05-15,87.02,32335660,87.69,89.49,86.685
2026-05-18,89.65,35800480,86.495,89.815,86.33
2026-05-19,89.33,34545730,90.14,91.48,88.69
2026-05-20,88.09,23463360,88.515,88.55,87.5
2026-05-21,89.3,28613850,88.03,90.3699,87.5201
2026-05-22,88.6,23847200,89.1,89.9699,88.17
2026-05-26,87.68,24014540,88.4,88.73,87.25
2026-05-27,87.35,22569540,87.046,88.495,86.82
2026-05-28,86.36,38803800,86.895,87.04,85.585
2026-05-29,86.02,39793620,86.2,86.67,85.66
2026-06-01,85.85,32747220,85.725,87.225,85.315
2026-06-02,83.33,42947160,85.605,85.9799,83.29
2026-06-03,81.52,36714740,82.91,83.31,81.1001
2026-06-04,81.56,39338810,83.19,83.7,81.37
2026-06-05,82.18,43474110,82.325,82.754,81.0
2026-06-08,82.64,33056690,81.66,83.0798,81.34
2026-06-09,81.41,34787190,82.125,82.34,81.34
2026-06-10,82.0,36304580,81.71,82.75,80.9772
2026-06-11,81.27,33417640,81.87,82.1,80.09
2026-06-12,80.34,35344170,81.575,82.0,79.28
2026-06-15,81.67,36430800,80.615,81.71,80.46
2026-06-16,78.72,65054030,81.9,81.93,77.71
2026-06-17,76.96,50338780,78.1,78.445,76.76
2026-06-18,77.38,91920410,76.93,78.235,76.12
2026-06-22,72.88,82203260,76.135,77.09,71.81
2026-06-23,72.82,50806830,73.26,73.9607,72.63
2026-06-24,71.84,48001450,72.685,73.45,71.625
2026-06-25,70.9,44581990,71.33,72.94,70.86
2026-06-26,73.81,74990270,71.69,75.2,71.53
